Apple 아이폰 13 256GB [자급제],"1,179,990원",https://cr.shopping.naver.com/adcr.nhn?x=GOuouPClZam5YWgkkDGa0f%2F%2F%2Fw%3D%3DsNreOEWd0IJrsyDDPq%2FKWOw1jA3w6Gfi0ALjFClBNF71WQE1WikGGRjsm7ORTamZ7bev2X%2B%2ByNUV2N8%2BqmCQmJrCzUVH7V4i00ltG55SmEMo9DwBBgU6RkIY3k2qlkY8FFQLyPStYQ0VSzNYT7KqXukPg%2F6PYJW9LpCSumzPJoiiI9aZyW4hhCgmcrsQhWGWG%2FjBmTqA4xW4sMIcltjwt3PKAXVfyDB1yTbVYYpYzcFnUHxlEatbmVq7jmztE%2Fyws3HgCmwN35oIc3WOKGnjmfPziKuqi6lvlwe2gIVAf2UAlXTdy6Sn%2F2yromYu89VyUxJc9f9QMO5EbZIa6f3Bk6x980EQ8oz3aCQgpwDHuz4Dqdi3Q%2Fm8V2A5jR123nAwZ1e5lF9HDBfdoKpK57iPmYjoAB5CPfNNtftGcprVkT8NDk2nHMP4aHVCx%2FcONoE3uMmntoCe8DFB1UGpHveWqKw9Uv7%2BuXk8s9e0jSRo%2Fw%2BSYp14Qx1Ru2bMMjgBrsdBxgHrB9v3%2FE%2FypaujSUfju9KAQWLNDd0f4KtdECbE%2FtIB7N0%2BKs0gSFTdhwMrBXaDkfDioLhCdVXbZAFJzRufnqI35Jp43Mx3S9FTGxzvix4sOEsHC78VBLnFZh%2FnDobeN&nvMid=29029192591&catId=50001519
Apple 아이폰 13 미니 128GB [자급제],"912,270원",https://cr.shopping.naver.com/adcr.nhn?x=hEIg8iW8Zw8YMA5Rs8MCAv%2F%2F%2Fw%3D%3Ds030gfUqLNcarUEjZ4%2Fv5MTAmbvv9CSRZySphbEf9n%2FIbsBKbbjTB%2BBCjsLv6tz%2BjNoONnu9%2FbknZOzvZztjnb%2F57eHxjyGJ2rTztTc5XSOFsRUouQr2FrRIvQaC7Y4KlIkvDKSV9lThhI6VVtPeDpUgAn8lD2%2BxrgblrBqYwPdWug%2B9sjA7rHdeMLkY%2BwIMUBsMQtj5XHDJQWXtaIT33czQZD6UDT51Dg8nNb9lI8fV%2BFLPJmN7kd5F0maTGsL0ciboaG8XhlvvL3OVPLP4aeqg%2BxArVq%2FBrPJKx2LY27KIQhkkHXK4%2FmSRy5icYE%2F27BW36r4QZshREfg%2B3vq7RNquWeeCvsrb4m0UR%2BvFtNA3UQvs8GHq%2Bj7OvUNvyviyxS6nKoqtur6iGShqz9U6FbvUQcCC5f%2Bb7s2cdgPAXB0cEdLuJh13gFOuABI1Cabywr1zQ3TaGfkdsxOv%2Bp53WSm%2BxLbYFZPvhaF%2Blk8YdfMPPU6pntGCurhu%2FV8uonTYh5X6MB3JdbnBohOi8QY2msskXc7UGbz%2FDWflzRpGwoyp8UohkGWaulgjx49BLgf1OHONNxfChUzyWuEvqKDLzckXO9pxgRneo%2FnZ05RF2Fm7HICEQpPL7Rm%2B2fyhjEhHR&nvMid=29030650586&catId=50001519
Apple 아이폰 13 프로 128GB [자급제],"1,260,050원",https://cr.shopping.naver.com/adcr.nhn?x=WOmYbTPdf5u6u5ZFXX5U%2Ff%2F%2F%2Fw%3D%3DsjbXcIg2GeDSe8W2qVBnIQPN6fWCsyvyUANuNMxJcPHsbsBKbbjTB%2BBCjsLv6tz%2BjkE3OtQq3laFGpFq0ygTqJf57eHxjyGJ2rTztTc5XSOFsRUouQr2FrRIvQaC7Y4KlIkvDKSV9lThhI6VVtPeDpUgAn8lD2%2BxrgblrBqYwPdWug%2B9sjA7rHdeMLkY%2BwIMU07oJ3o0uS6qCsqzVDCUSCzQZD6UDT51Dg8nNb9lI8fV%2BFLPJmN7kd5F0maTGsL0ciboaG8XhlvvL3OVPLP4aeqg%2BxArVq%2FBrPJKx2LY27KIQhkkHXK4%2FmSRy5icYE%2F27BW36r4QZshREfg%2B3vq7RNi%2FsLHMpaSNPyr4ARbq0PMLUQvs8GHq%2Bj7OvUNvyviyxS6nKoqtur6iGShqz9U6FboQRNW2r0hfVRzuSl8FF4RgEdLuJh13gFOuABI1Cabywr1zQ3TaGfkdsxOv%2Bp53WSk7gey4ekRfw0je7STy31hzPU6pntGCurhu%2FV8uonTYh5X6MB3JdbnBohOi8QY2mso1lS06BWQJXd%2BwZYcIQiV3YSODdfGU%2FA5VVDe0nh7q%2F9KmPva7npcJYINAC3uvHOM5TQiFco2YiefLdxgtCTyvke%2FVP%2BgM94BPZkP5YJ%2Bex&nvMid=29030420587&catId=50001519
Apple 아이폰 13 프로 256GB [자급제],"1,398,390원",https://cr.shopping.naver.com/adcr.nhn?x=JbcsOOUcO3NJVQVbXxkHaf%2F%2F%2Fw%3D%3Ds3BgWFR1gMiES74MhDcz63Msbocj0u%2BKaHvGJ16O68wRWQE1WikGGRjsm7ORTamZ7XlIBKtRGlssxk7%2FEtoEvrbCzUVH7V4i00ltG55SmEMo9DwBBgU6RkIY3k2qlkY8FFQLyPStYQ0VSzNYT7KqXukPg%2F6PYJW9LpCSumzPJoiiI9aZyW4hhCgmcrsQhWGWGObEszBFb2RlRYVOgd6veGfKAXVfyDB1yTbVYYpYzcFnUHxlEatbmVq7jmztE%2Fyws3HgCmwN35oIc3WOKGnjmfPziKuqi6lvlwe2gIVAf2UAlXTdy6Sn%2F2yromYu89VyUZ6A8sKMoeJ7Ojc163hrdNMNbv5n4wSK856ml0dV8y47qdi3Q%2Fm8V2A5jR123nAwZGAcEe7n%2FGe4oEgPtgBdbJIBD40iqWaNeYMpOus5JTYBDk2nHMP4aHVCx%2FcONoE3uVxrykmdUCWVn8SXvu0QPtN0u4czD1d73s%2BXym%2BxAMdsUVxRG4ldwD1%2BkE4NgSPi63URfBmTORH7vj%2FpLXIzcjt6ucT28oqwUmB%2BNIN%2FvHzaIDf9TYDOC4LzgCehLsur5dNZXg1dL9ke%2FOwyivghHamZvPKuiJdE2P1JiO89QGcAOEsHC78VBLnFZh%2FnDobeN&nvMid=29030492586&catId=50001519
Apple 아이폰 13 128GB [자급제],"1,042,570원",https://cr.shopping.naver.com/adcr.nhn?x=aYnQQJat02cXN6s1wG75Qv%2F%2F%2Fw%3D%3DsSjFN7aTdzJ5F50ww2PJ5C5Dz1snn0JBRso%2FhkSrC2fdhJz9H0Ub4KLvuVTVtNMxMYyBp9uu8bmGxM%2BTdDLiCnFhHPo22w6voWIT50%2BDeHoHCUdxuntnYWkR94WgBl5xHi2aF%2BRVfpC85AxLdkYCg%2BMi30QtKP1mA7BYZPpxeJLexWvZfe2todmJfmpbNrXnqNGdmVqT0qJ11casXr%2FJUjrix7jXt7MNVc9AIu4EfDZlNEwRr%2B3STfYHGn%2FB5b3e45soZX6%2FosVFLHC0Bb%2F2O%2FaUc7oJ0GV8I0vt0%2FsC%2BQlQHs%2F2PHkpmvWjL2qy1nHub2JvzCWF5dWZBhwpMB3k4EXrA2wjzWuFUmEZwIq%2Bnd4D1QQzCLreNp8sjPDBjStixjQaGLcMmduX4DYWfbsi2VFoO%2FDp4mLijeM28ltrw%2FnJFiBdPxTSuvYOb67FAYBAGicyoxpgWhb%2FJFrbN3vpwU3GwXssWiUWB5AWWes%2FwlZHyNHyBUXwWVD2ki0TxnNzyJtmHLiUwOdsFEOplcPeQD%2ByY%2BVZD03O28XPZ6PlTqwOOv%2B%2BG7P8zZs54SDuTec41g7f63yD5d37SOA%2FIA%2FQdv%2FRRs2Tl2LVXyNQxua0eKL8GruH08DlKshetxY8KUEZb&nvMid=29030374587&catId=50001519
Apple 아이폰 13 프로 맥스 256GB [자급제],"1,600,580원",https://cr.shopping.naver.com/adcr.nhn?x=jCqeKGCjh8yWPHDB9qiXSv%2F%2F%2Fw%3D%3DsMMF5vz4OXCgalTqmo7TwD1Q061PqVkPit1GP3HoWssJhJz9H0Ub4KLvuVTVtNMxMAg2yAZbrSovCymfBWki9BFhHPo22w6voWIT50%2BDeHoHCUdxuntnYWkR94WgBl5xHi2aF%2BRVfpC85AxLdkYCg%2BMi30QtKP1mA7BYZPpxeJLexWvZfe2todmJfmpbNrXnqiTiHgV17tngZX6ODLdebGbix7jXt7MNVc9AIu4EfDZlNEwRr%2B3STfYHGn%2FB5b3e45soZX6%2FosVFLHC0Bb%2F2O%2FaUc7oJ0GV8I0vt0%2FsC%2BQlQHs%2F2PHkpmvWjL2qy1nHubl%2Bmov31VQR5UWRdU%2FmqACFzU8UGCxzuFQh5vud7Zut31QQzCLreNp8sjPDBjStixjQaGLcMmduX4DYWfbsi2VGapIUz6X5EFJxSbujlYWXBFiBdPxTSuvYOb67FAYBAGpxy2zgNMJa1at1GSrSd0QNv7Ffkwy78LPGKRuNB%2BDa8N%2FOXq06xFLlMCwNDQObjPLcqEhOiscytOptfh0D9%2BAizahwWfuStWuqAVHS8TUh1nCf85Syppx%2FDjH8eDYfZUv4YGjJCSIW1IvBxXT1wG97ocWoLN6RfrYrzOZpLKLmxvU2Y6hEEwGxc1AZfON9sL4VRAH%2BsMDObarUodGweR8Q%3D%3D&nvMid=29030294588&catId=50001519
Apple 아이폰 13 미니 256GB [자급제],"1,020,590원",https://cr.shopping.naver.com/adcr.nhn?x=SzCbGd2QVItCB9%2FWDSofB%2F%2F%2F%2Fw%3D%3DsccSf2pCW%2BDpSrlWMm%2BEt68Vf51U2qX53l%2F%2Bq644Q%2Fn1hJz9H0Ub4KLvuVTVtNMxMWACe5NySSlMD06UxfUAXm1hHPo22w6voWIT50%2BDeHoHCUdxuntnYWkR94WgBl5xHi2aF%2BRVfpC85AxLdkYCg%2BMi30QtKP1mA7BYZPpxeJLexWvZfe2todmJfmpbNrXnq057%2FmlbCMWUqQYtn8CmoI7ix7jXt7MNVc9AIu4EfDZlNEwRr%2B3STfYHGn%2FB5b3e45soZX6%2FosVFLHC0Bb%2F2O%2FaUc7oJ0GV8I0vt0%2FsC%2BQlQHs%2F2PHkpmvWjL2qy1nHubhqhuEhlMkyMkZvZ2Nug9aAE4zpiFXgM6VKmZH5YA4ev1QQzCLreNp8sjPDBjStixjQaGLcMmduX4DYWfbsi2VGBT7SMKEEWA0f6R2waC%2F2dFiBdPxTSuvYOb67FAYBAGWR34PGgX21IX5FwB8U%2FAXwb3eAmUpLAW0oMcgSl2cZpD%2FkFMO4s7sTx4sbc7XXXQvaOjGxMtdSZf0nL3LrxHbBKR3XZbjOmndwZETk1wh1RPwCXFJiRdosf3os3K%2FWn1HRN0JVIysYk24FUexPKVB7QwCrFqCSG3v0aoW%2FVhXE7LVWGr8fvvH1mWvUgXPK6j&nvMid=29030437590&catId=50001519
Apple 아이폰 13 프로 맥스 128GB [자급제],"1,490,000원",https://cr.shopping.naver.com/adcr.nhn?x=gv9uHMz9gwJe0ekILFODav%2F%2F%2Fw%3D%3Dsrf0BpZuUC7B0ucHVTulYvZEhRLNqQCs0d0R8IFzz05kbsBKbbjTB%2BBCjsLv6tz%2BjXngKiw0lv9Dj2egk7ztM7x9wjOh1ZjSefT3eQs%2FMmzJsRUouQr2FrRIvQaC7Y4KlIkvDKSV9lThhI6VVtPeDpUgAn8lD2%2BxrgblrBqYwPdWug%2B9sjA7rHdeMLkY%2BwIMUnr7qtY8dVn8btdAmR5NIrzQZD6UDT51Dg8nNb9lI8fV%2BFLPJmN7kd5F0maTGsL0ciboaG8XhlvvL3OVPLP4aeqg%2BxArVq%2FBrPJKx2LY27KIQhkkHXK4%2FmSRy5icYE%2F27BW36r4QZshREfg%2B3vq7RNheFqWHl0VL%2BdHS3V7FmU0rUQvs8GHq%2Bj7OvUNvyviyxS6nKoqtur6iGShqz9U6Fbu4grDpiDWcjNf4Cbyqxul8EdLuJh13gFOuABI1Cabywr1zQ3TaGfkdsxOv%2Bp53WSph2%2B170Lc%2Fh1s0cur%2FyDfm9lbCAHUgYx7U3V2HOvd43o64ifB9DVeZ8ffla9GlFdjN1N8Q0UbI7dffulxtHXsKCnxzBvzlrn8MmEak9A4VGEs8cFUTVf2EXpmSuc9bAhGd%2BA%2Fg8JRfCUGzmC0n4ty%2FmIjcXtWMiCxjBN4Nc5dhYQdAiJdwXirBRdnaxfvrBbw%3D%3D&nvMid=29030367587&catId=50001519
Apple 아이폰 13 프로 512GB [자급제],"1,646,330원",https://cr.shopping.naver.com/adcr.nhn?x=BX%2Bw%2BYot5sotK6gPtHb%2B2f%2F%2F%2Fw%3D%3DsaP5PNXqZ3tE85%2BrkFZAwSEW3S7R2g%2BEFzqGISl1pKkRhJz9H0Ub4KLvuVTVtNMxM7u4NT7UJyuXk%2FdW4oL1UWlhHPo22w6voWIT50%2BDeHoHCUdxuntnYWkR94WgBl5xHi2aF%2BRVfpC85AxLdkYCg%2BMi30QtKP1mA7BYZPpxeJLexWvZfe2todmJfmpbNrXnqlDPFdx1sLuYHxlc7aw3L%2Brix7jXt7MNVc9AIu4EfDZlNEwRr%2B3STfYHGn%2FB5b3e45soZX6%2FosVFLHC0Bb%2F2O%2FaUc7oJ0GV8I0vt0%2FsC%2BQlQHs%2F2PHkpmvWjL2qy1nHubrn2NBbmKlkQOlxfUZ13BOPp5WVcsyMN2AO9L5x8u%2Ffb1QQzCLreNp8sjPDBjStixjQaGLcMmduX4DYWfbsi2VFidmhsgNmBUvEBFROKzp7NFiBdPxTSuvYOb67FAYBAGpxy2zgNMJa1at1GSrSd0QE%2BKsiS%2BXqVbgp7r172lWiFD%2FkFMO4s7sTx4sbc7XXXQvaOjGxMtdSZf0nL3LrxHbBoCZkTahTv6rSrmYvLEv0tPwCXFJiRdosf3os3K%2FWn1KEnegiMwOLZVK0yCf1KDHyuKh1FzWqTCtOfy%2BIhcZGhoaKZHilHbuauHUigNM5KA&nvMid=29030416587&catId=50001519
Apple 아이폰 13 미니 512GB [자급제],"1,300,800원",https://cr.shopping.naver.com/adcr.nhn?x=%2FDmWb2vrkcw2mJ7XtvKPFP%2F%2F%2Fw%3D%3DsrfyAjFCU8CXGpuaDHXJ%2FD2W2vUDKwI1jcrwR%2F6VYJTlWQE1WikGGRjsm7ORTamZ7g0chyIK%2F1bOFFNTjQe1uALCzUVH7V4i00ltG55SmEMo9DwBBgU6RkIY3k2qlkY8FFQLyPStYQ0VSzNYT7KqXukPg%2F6PYJW9LpCSumzPJoiiI9aZyW4hhCgmcrsQhWGWGRcIO%2FsSRKHMrPSPiMPM2BfKAXVfyDB1yTbVYYpYzcFnUHxlEatbmVq7jmztE%2Fyws3HgCmwN35oIc3WOKGnjmfPziKuqi6lvlwe2gIVAf2UAlXTdy6Sn%2F2yromYu89VyU0T6a373mTfzKGaxTqUtoJO7%2FEThADIEAvrOVAhqMOwDqdi3Q%2Fm8V2A5jR123nAwZWv390Y6uVBXohIloc6Yu3LFJegG5cjolqXymF9sHTJBDk2nHMP4aHVCx%2FcONoE3ucOT%2BRsdnHIzNMGl8g3WFM%2BjBHdWnQFVaqW4CmZIXnyUUVxRG4ldwD1%2BkE4NgSPi6dykU%2FJeiIZetkePkTUpOthGY4S6QKxay9wqNYvkdVfSIDf9TYDOC4LzgCehLsur5CtZjqK2TYx4MA4WIKAh3hjLcCLT8%2BTXpf7Y5j17oChqFbDf4gHI5rSMJU1BWcIOg&nvMid=29030296587&catId=50001519
Apple 아이폰 13 프로 맥스 512GB [자급제],"1,782,200원",https://cr.shopping.naver.com/adcr.nhn?x=4jcQLdJ4Pu39wVnvmkBPeP%2F%2F%2Fw%3D%3DsxphaaMDuO4Tnuo9qKsFKg23pfkS4x9wDIPjFjrZLfu4bsBKbbjTB%2BBCjsLv6tz%2Bj%2BgbVL3KhvkYo9hyTI2TbzDW9QbRKpH9u2jcTuOtyLldsRUouQr2FrRIvQaC7Y4KlIkvDKSV9lThhI6VVtPeDpUgAn8lD2%2BxrgblrBqYwPdWug%2B9sjA7rHdeMLkY%2BwIMU8l8EUbQKNtJLHSrS0FW8ATQZD6UDT51Dg8nNb9lI8fV%2BFLPJmN7kd5F0maTGsL0ciboaG8XhlvvL3OVPLP4aeqg%2BxArVq%2FBrPJKx2LY27KIQhkkHXK4%2FmSRy5icYE%2F27BW36r4QZshREfg%2B3vq7RNuNTTcTNGD%2BmfFIc6lIJfsnUQvs8GHq%2Bj7OvUNvyviyxS6nKoqtur6iGShqz9U6FbmX3EJ5ke9Ts2wyqqCoZInIEdLuJh13gFOuABI1Cabywr1zQ3TaGfkdsxOv%2Bp53WSsJAdVJBQjLvH97jzqUKE8gJ6z4tlOGyZW9YfP2%2B8HiIo64ifB9DVeZ8ffla9GlFdvOw2kXrwLnRLwg0WtAWR1isz5QTpKpyegdJ%2FbboBaXDEs8cFUTVf2EXpmSuc9bAhCeNFJHel1ruP8PhgIKpp7rpP4y8aqt7j1LlDekx8P8SHRyPBWbUFRhWScTsgQynPg%3D%3D&nvMid=29029192586&catId=50001519
Apple 아이폰 13 프로 맥스 1TB [자급제],"2,034,900원",https://cr.shopping.naver.com/adcr.nhn?x=8SqZnopGHchiIXFzghbNwP%2F%2F%2Fw%3D%3DsNa3B7uNl61qF7HcZ3FWVfwuX6oWQiFTlb7IMI3kmq0RWQE1WikGGRjsm7ORTamZ7ezq5g0HM7ukeZ7lAnqZodrCzUVH7V4i00ltG55SmEMo9DwBBgU6RkIY3k2qlkY8FFQLyPStYQ0VSzNYT7KqXukPg%2F6PYJW9LpCSumzPJoiiI9aZyW4hhCgmcrsQhWGWGqB%2BYf8KVu5Lizs8e93TFS%2FKAXVfyDB1yTbVYYpYzcFnUHxlEatbmVq7jmztE%2Fyws3HgCmwN35oIc3WOKGnjmfPziKuqi6lvlwe2gIVAf2UAlXTdy6Sn%2F2yromYu89VyUd8ccz9GwLYv%2FyxPLwFfijjVnKFKZofuh%2By%2BfrTWzdMbqdi3Q%2Fm8V2A5jR123nAwZ1e5lF9HDBfdoKpK57iPmYlu04kXdaYr69N9dWySazW1Dk2nHMP4aHVCx%2FcONoE3uVxrykmdUCWVn8SXvu0QPtKmYFAk2xiJMsXSeTiKR0ggi5HSrzhhCOMWuXdZxvGXvk9L6rt0SOVsUsc5EylGdlS21VZYACRUBIB0hOrdINRehYZ%2FhI%2FkN84je6k%2F%2BbfyXLBnkb7GsX8XdOoK5aByLe8BUIaizLUq3Ne%2BMqjb5iC7ke%2FVP%2BgM94BPZkP5YJ%2Bex&nvMid=29029192590&catId=50001519
Apple 아이폰 13 프로 1TB [자급제],"1,895,500원",https://cr.shopping.naver.com/adcr.nhn?x=0J%2FYJFk%2BMidAuDNcrbCk%2Fv%2F%2F%2Fw%3D%3DsRjjza5bAu1Be9Pu2y1%2FcEUDnkCIbC7sqYsCqic9nJYwbsBKbbjTB%2BBCjsLv6tz%2BjSuvUaM5YG41fbe%2BY%2BA3smLMDo60nOe9fdb6mBW5%2BYZ9sRUouQr2FrRIvQaC7Y4KlIkvDKSV9lThhI6VVtPeDpUgAn8lD2%2BxrgblrBqYwPdWug%2B9sjA7rHdeMLkY%2BwIMUmYzuQQAJCViO8N6pCIk6TzQZD6UDT51Dg8nNb9lI8fV%2BFLPJmN7kd5F0maTGsL0ciboaG8XhlvvL3OVPLP4aeqg%2BxArVq%2FBrPJKx2LY27KIQhkkHXK4%2FmSRy5icYE%2F27BW36r4QZshREfg%2B3vq7RNr8MboyZalzqpQCXmZIEM8vUQvs8GHq%2Bj7OvUNvyviyxS6nKoqtur6iGShqz9U6FbgzuREuBKDA9JWgcvGjgu1YEdLuJh13gFOuABI1Cabywr1zQ3TaGfkdsxOv%2Bp53WSgW1dOuSq%2FB0zr0ktzqvDtr1JtnyFV8OD7Bngtl8x0Qvfm8I4%2BLwqxkEirhSi8uz%2FExfOLpDYI8BNiL3kv1HsqXvW2q1ZBpuV%2F%2FvtKUgTGHnjpH%2Br8DV4%2BsqtCHUaHXmmKBsxIDJ%2BhBs4nHfLhQ%2BaSjHICEQpPL7Rm%2B2fyhjEhHR&nvMid=29029192588&catId=50001519
Apple 아이폰 13 512GB [자급제],"1,318,900원",https://cr.shopping.naver.com/adcr.nhn?x=AZD9LFusWxCXKta3SX4pO%2F%2F%2F%2Fw%3D%3DsG9vnACrjlt9vPtijh6dAOdsY785PqM0CI76GfEeWQ8tWQE1WikGGRjsm7ORTamZ7DfA9qdli%2FydVrK476KBgdbCzUVH7V4i00ltG55SmEMo9DwBBgU6RkIY3k2qlkY8FFQLyPStYQ0VSzNYT7KqXukPg%2F6PYJW9LpCSumzPJoiiI9aZyW4hhCgmcrsQhWGWGqtvtxFCaSmTZmhdr9drUvvKAXVfyDB1yTbVYYpYzcFnUHxlEatbmVq7jmztE%2Fyws3HgCmwN35oIc3WOKGnjmfPziKuqi6lvlwe2gIVAf2UAlXTdy6Sn%2F2yromYu89VyUIz2xXks9lc8deJ2NOytL%2FwW7u%2F90pxvHEZSLVd9FwRzqdi3Q%2Fm8V2A5jR123nAwZyY2wMIk58Y3ierITk1NstYBD40iqWaNeYMpOus5JTYBDk2nHMP4aHVCx%2FcONoE3uxvd4FH7C8HSLdi0kmjPZ%2FA9Uv7%2BuXk8s9e0jSRo%2Fw%2BSYp14Qx1Ru2bMMjgBrsdBx9IAXDrBRgra8OWJRJ%2Be4tpgZMtZiUUS8Un005a3r71x7N0%2BKs0gSFTdhwMrBXaDkHxvYCPjTJujD8KupW0zJvm9TZjqEQTAbFzUBl8432wvhVEAf6wwM5tqtSh0bB5Hx&nvMid=29030496586&catId=50001519
Apple 아이폰 13 미니 128GB [LG U+],"85,890원",https://cr.shopping.naver.com/adcr.nhn?x=eLmPYHO0z0YeVgU%2BmrFgmP%2F%2F%2Fw%3D%3DsLqQfCa1hrgK8%2BaeZTxRKT6tAz5eq59fbIlmghK4kx7phJz9H0Ub4KLvuVTVtNMxMU9vaT7RIt2nSDVSHr%2FKDFVhHPo22w6voWIT50%2BDeHoHCUdxuntnYWkR94WgBl5xHi2aF%2BRVfpC85AxLdkYCg%2BMi30QtKP1mA7BYZPpxeJLexWvZfe2todmJfmpbNrXnq%2BhHtf9UPvVuecHCypfH0H7ix7jXt7MNVc9AIu4EfDZlNEwRr%2B3STfYHGn%2FB5b3e45soZX6%2FosVFLHC0Bb%2F2O%2FaUc7oJ0GV8I0vt0%2FsC%2BQlQHs%2F2PHkpmvWjL2qy1nHubCFNc4X2gByb5tPuTUI94nwcp6OGrAGPtRG7n60oUOE31QQzCLreNp8sjPDBjStixj1OT%2BvUJUOEzwKKBwf%2FstXQH7giPWipSbhzyJH0f5o1FiBdPxTSuvYOb67FAYBAGWR34PGgX21IX5FwB8U%2FAX9zmytkD7l5LND%2BfWVSSY9qhzDfp6Y5Zq42WobtISlGzczqAKNrj%2B167McFp%2BXTfFrDvySXIPYSXrP9eBBhvoWESzxwVRNV%2FYRemZK5z1sCEsOcGWB%2F%2BrltjExUwuLrpJIISqW9wgPi4DWV6%2B%2B15qagdHI8FZtQVGFZJxOyBDKc%2B&nvMid=29030431586&catId=50000248
Apple 아이폰 13 프로 256GB [LG U+],"831,690원",https://cr.shopping.naver.com/adcr.nhn?x=jX5mMkSUFU%2F7Gn01U%2BorAf%2F%2F%2Fw%3D%3Dscs2JeTyjsQb8%2FDs%2FSjsUQULFe7Nj4MgnfMKUiUD51csbsBKbbjTB%2BBCjsLv6tz%2BjMi16fdFTqTKsxBsSiyuLpQNIUUecIamz%2Fe5Rm%2B9ptnZsRUouQr2FrRIvQaC7Y4KlIkvDKSV9lThhI6VVtPeDpUgAn8lD2%2BxrgblrBqYwPdWug%2B9sjA7rHdeMLkY%2BwIMUMJUr%2Fr5heP7x50dYzAAW6TQZD6UDT51Dg8nNb9lI8fV%2BFLPJmN7kd5F0maTGsL0ciboaG8XhlvvL3OVPLP4aeqg%2BxArVq%2FBrPJKx2LY27KIQhkkHXK4%2FmSRy5icYE%2F27BW36r4QZshREfg%2B3vq7RNgE%2FeCz%2BsGZ%2FV6vZza0i9S7UQvs8GHq%2Bj7OvUNvyviyxeoI3z%2BL14z9v%2Fx%2BL9Zw%2FKkAYb84X6P6evVlwEmIJJLQEdLuJh13gFOuABI1Cabywr1zQ3TaGfkdsxOv%2Bp53WSsISsS%2BCTbLI5Q3DJYN6lKb5YbLlxragaaIQX6kJDBj8D6QkZjCZcMNTR4jeTmX45ZUwuIhWSC%2FJJScEpHFMyIYNauEcRynSn%2F8orOK7nc90feCJcgXCS0eH0eeTJ9mVyEFM4yzWiITM38kJLGq92aTLVWGr8fvvH1mWvUgXPK6j&nvMid=29030415586&catId=50000248
Apple 아이폰 13 미니 256GB [LG U+],"193,000원",https://cr.shopping.naver.com/adcr.nhn?x=fgjpWl%2FKbPMbD7ZyhAXfbv%2F%2F%2Fw%3D%3DsSU6ya%2FW%2FMg5j7lSEPR3lVo3mH0KOD4jhJMiKarmtxBRhJz9H0Ub4KLvuVTVtNMxMAtMG2D19gR6w%2Fs2k2im5clhHPo22w6voWIT50%2BDeHoHCUdxuntnYWkR94WgBl5xHi2aF%2BRVfpC85AxLdkYCg%2BMi30QtKP1mA7BYZPpxeJLexWvZfe2todmJfmpbNrXnq7r8%2BMjx%2B1KQXJkem2XwtE7ix7jXt7MNVc9AIu4EfDZlNEwRr%2B3STfYHGn%2FB5b3e45soZX6%2FosVFLHC0Bb%2F2O%2FaUc7oJ0GV8I0vt0%2FsC%2BQlQHs%2F2PHkpmvWjL2qy1nHubwUBqVbl6xJF%2Btto%2FUm81ZJfB%2Fmkik2wv7slImcb6%2Fff1QQzCLreNp8sjPDBjStixj1OT%2BvUJUOEzwKKBwf%2FstW0b85JbkQLIjWdoKvPtuVBFiBdPxTSuvYOb67FAYBAGWR34PGgX21IX5FwB8U%2FAX8U60Oey03I%2BLiZk11SnK%2BihzDfp6Y5Zq42WobtISlGzbDgfm78NqUslrTiGuyy0AXHIAnX4TWAqGhInNSF8ZXYRpOFzCbaM6OU97uoPifjrFXQJmNVZw0bwTSy%2B3wtgCrqOBIseMX%2FbY6z5iEDWzTQdHI8FZtQVGFZJxOyBDKc%2B&nvMid=29030376589&catId=50000248
Apple 아이폰 13 프로 128GB [LG U+],"631,990원",https://cr.shopping.naver.com/adcr.nhn?x=fDtuY2F6cFLq0ei6LyEb7P%2F%2F%2Fw%3D%3DsxkA%2F5ufTmSEXPOR20ax%2Fj7H6wNvK8xjiE%2BQHjO%2Bidj9hJz9H0Ub4KLvuVTVtNMxMi5kl3zLCyN03Z%2FR3cEYMyFhHPo22w6voWIT50%2BDeHoHCUdxuntnYWkR94WgBl5xHi2aF%2BRVfpC85AxLdkYCg%2BMi30QtKP1mA7BYZPpxeJLexWvZfe2todmJfmpbNrXnqg7gKiQG8MTIItSW%2BDJaVQrix7jXt7MNVc9AIu4EfDZlNEwRr%2B3STfYHGn%2FB5b3e45soZX6%2FosVFLHC0Bb%2F2O%2FaUc7oJ0GV8I0vt0%2FsC%2BQlQHs%2F2PHkpmvWjL2qy1nHubw3Z9QWi8CKjGkI%2BeY7KihtC9dp5umJmPqjOHBCc9P2b1QQzCLreNp8sjPDBjStixj1OT%2BvUJUOEzwKKBwf%2FstRGCgKE6MpEqHNFGypiLnddFiBdPxTSuvYOb67FAYBAGpxy2zgNMJa1at1GSrSd0QGXotJztG4P0PD8hxVbZHhKhzDfp6Y5Zq42WobtISlGzWsq%2FCqyNxmUocZ3D5NLEKKoHB50DJX%2BsRvg%2BJD0AbXMRpOFzCbaM6OU97uoPifjrlabfgdPmqkJ44r2zM4MZOkzJvwz%2FsxQ3hp1TWVbQvAuCqA6%2BrrPkSkQjk3bFq%2FUy&nvMid=29030175590&catId=50000248
Apple 아이폰 13 128GB [LG U+],"422,990원",https://cr.shopping.naver.com/adcr.nhn?x=QvnmAYWqcs8nnQHzm13gSf%2F%2F%2Fw%3D%3Ds3DxHvLoXFr3vN9eUk7yHMHkvdDhRexm%2Fn07ljT6mdthhJz9H0Ub4KLvuVTVtNMxMEDuIBe3WEfgs4kT1bGRmQlhHPo22w6voWIT50%2BDeHoHCUdxuntnYWkR94WgBl5xHi2aF%2BRVfpC85AxLdkYCg%2BMi30QtKP1mA7BYZPpxeJLexWvZfe2todmJfmpbNrXnqYKFZZuluUMYgcwBfGEHeObix7jXt7MNVc9AIu4EfDZlNEwRr%2B3STfYHGn%2FB5b3e45soZX6%2FosVFLHC0Bb%2F2O%2FaUc7oJ0GV8I0vt0%2FsC%2BQlQHs%2F2PHkpmvWjL2qy1nHubyjLq%2FZyqbiKSXohpAim94VRR6VWfj6AfbAW5fuqzO0%2F1QQzCLreNp8sjPDBjStixj1OT%2BvUJUOEzwKKBwf%2FstQkGHMdvFyZLkC0CpI%2FWUflFiBdPxTSuvYOb67FAYBAGicyoxpgWhb%2FJFrbN3vpwUz5hL%2F4sdg5HboNlguiWgZhBskTaofqwA6IQD8JZOZb73qfc1YJqdrMTl%2F9Y0EPYBQzBaJRof88vNvHdHfl81%2F88ZVFp5CRRjL%2Bql1lgPvFw8qbkqVVI1uO5sJlKwQ2WH1aFndIwdNwuWmKtx1HNSCrUkiyUGZ3FpPHvE7X48%2Bhb&nvMid=29030372586&catId=50000248
Apple 아이폰 13 미니 512GB [LG U+],"478,990원",https://cr.shopping.naver.com/adcr.nhn?x=omGN5HwAWSweUkKl30LJvv%2F%2F%2Fw%3D%3DsYNJc9boJoiTwQ1wh3dmCryELKTDJpb4Fmb2MU1ihGDxhJz9H0Ub4KLvuVTVtNMxMTk7nJxXcuDI1kdL7BuJEoFhHPo22w6voWIT50%2BDeHoHCUdxuntnYWkR94WgBl5xHi2aF%2BRVfpC85AxLdkYCg%2BMi30QtKP1mA7BYZPpxeJLexWvZfe2todmJfmpbNrXnqmNCzWTrruETuuT6FCzP1m7ix7jXt7MNVc9AIu4EfDZlNEwRr%2B3STfYHGn%2FB5b3e45soZX6%2FosVFLHC0Bb%2F2O%2FaUc7oJ0GV8I0vt0%2FsC%2BQlQHs%2F2PHkpmvWjL2qy1nHubtRWzrifKugXMrgRox6XwoCGn%2BCZQEY53hvLxc4VDG7v1QQzCLreNp8sjPDBjStixj1OT%2BvUJUOEzwKKBwf%2FstQYatFguehIKnW%2B52tHgcthFiBdPxTSuvYOb67FAYBAGWR34PGgX21IX5FwB8U%2FAX3SvUky3TWlImeub8OCXd0%2BhzDfp6Y5Zq42WobtISlGzjeAT36cSMbm9rziBVBqwu%2F425IAn6mYqQ1zySwQrtZARpOFzCbaM6OU97uoPifjrwupea0TJ0m7czuZgNj9silBC5bT0Z89jhpDe9bVxq3qCqA6%2BrrPkSkQjk3bFq%2FUy&nvMid=29030419586&catId=50000248
Apple 아이폰 13 프로 맥스 256GB [LG U+],"1,031,190원",https://cr.shopping.naver.com/adcr.nhn?x=e0haekxSSWT96haMFuNwHf%2F%2F%2Fw%3D%3Ds1AMGgZ4MryQiIQqEejChgUF5HjqUyomvJUqKuDaMxcBhJz9H0Ub4KLvuVTVtNMxMu34A1t7w9BPQAFmYoh29cVhHPo22w6voWIT50%2BDeHoHCUdxuntnYWkR94WgBl5xHi2aF%2BRVfpC85AxLdkYCg%2BMi30QtKP1mA7BYZPpxeJLexWvZfe2todmJfmpbNrXnqXLTN90WNo2bfYUnKxvyYpLix7jXt7MNVc9AIu4EfDZlNEwRr%2B3STfYHGn%2FB5b3e45soZX6%2FosVFLHC0Bb%2F2O%2FaUc7oJ0GV8I0vt0%2FsC%2BQlQHs%2F2PHkpmvWjL2qy1nHubzslM0pHbNMuZHFNnXbx7meykqtYfrIQz%2Bu442hura4P1QQzCLreNp8sjPDBjStixj1OT%2BvUJUOEzwKKBwf%2FstRji830A6xnpZ52pJU%2F4dRpFiBdPxTSuvYOb67FAYBAGpxy2zgNMJa1at1GSrSd0QNv7Ffkwy78LPGKRuNB%2BDa%2F%2FzaVgfXndF2fkBs0qzZTvfpF8bfclcJjAeddKIqLqoAG%2BNf0%2Bkolbz9odbGN59RlAPG484pzgArV2PMPwNii5m1GQSKGdDYoYf%2Fc9DYayKwpc%2B99CPM%2B2IzYLWoLzV7vke%2FVP%2BgM94BPZkP5YJ%2Bex&nvMid=29030190586&catId=50000248
Apple 아이폰 13 프로 맥스 128GB [LG U+],"898,990원",https://cr.shopping.naver.com/adcr.nhn?x=vwZ3%2F0qNp6FScfqxUiFNzP%2F%2F%2Fw%3D%3DsxZhOnDpZmUB4zsz4M8IFv1EFMMhoX4MRZBAd6lHbCyphJz9H0Ub4KLvuVTVtNMxMI5U9%2BkR2f5pXUhstgfo8ZlhHPo22w6voWIT50%2BDeHoHCUdxuntnYWkR94WgBl5xHi2aF%2BRVfpC85AxLdkYCg%2BMi30QtKP1mA7BYZPpxeJLexWvZfe2todmJfmpbNrXnqW6RWFOvR2FN0g9uRh450ELix7jXt7MNVc9AIu4EfDZlNEwRr%2B3STfYHGn%2FB5b3e45soZX6%2FosVFLHC0Bb%2F2O%2FaUc7oJ0GV8I0vt0%2FsC%2BQlQHs%2F2PHkpmvWjL2qy1nHubtRWzrifKugXMrgRox6XwoM%2B3htbYtWweDlK%2BPGa7U5%2F1QQzCLreNp8sjPDBjStixj1OT%2BvUJUOEzwKKBwf%2FstVH7IO5mz83fSiUkSXQZVytFiBdPxTSuvYOb67FAYBAGpxy2zgNMJa1at1GSrSd0QN4u9dXHHCExaTB3By%2FzhJj%2FzaVgfXndF2fkBs0qzZTvfpF8bfclcJjAeddKIqLqoMJairTo7%2F3aEGi6hFVtr8gUsqiq%2BaRdh19ZzFGBbFc8NRz%2F1p7y%2F7BkKr1T4lvKTQOjprd82WMgdHRHm9UVJ1rHICEQpPL7Rm%2B2fyhjEhHR&nvMid=29030352586&catId=50000248
Apple 아이폰 13 프로 512GB [LG U+],"1,173,190원",https://cr.shopping.naver.com/adcr.nhn?x=FE5fcMW01%2Fx4bEIFR9zBVP%2F%2F%2Fw%3D%3Ds%2BRlKeC5N%2BxQIthoaD%2Fl4a2VefjERQUqIvYcusaR5hr0XfmlaZeQqomjdtI9e3qsmyQpGTC1G32JFaygmdGteMdvXgD3lhtw152a2FhwO7ViQupZEYr5dvOWb9J0%2FS1r4WXtR2nOLQvZS2yeHKx8c5cOmY27ZGze0Q%2BtXRlM4OxtFSICBvI1ATDFN58yC%2Fe2xknZFeBc3QtnWfCQttW7NscdAmfSN83ChOoIPfneWzCavS7fnn7TEzbGYEdK0StlzwKFGwfTJoBD2Dy5u6ut9%2F99%2BKy%2Fm0d%2BgYWHtEf61Jo4AUk0tbEb%2BPaAR8Zvsauh4Ve2R2bw0QXf8kRH%2Fa7UqKydw29MtgWojygKv%2FCpg9T0ftFRTsbvvXWnc5%2F7qDPunQLlFUFVArUyqz78sCltUnS6UxJeah0Om0lkIOZtT9ZLxLbU57LuNzmnFLwGq45KohUDPniGAO4SJwOmG3ywBSjaOWZD02UcGB2wDAxZqi%2BpJm%2F1ne9lUZdiLJ5vX8PmzKgPJZsOr%2FWG7erkuQypcQCmsTPiRBw4d0DgiV4EbiH6P9ozmdV%2FWs5eTR9VTjChbLTVoGCut3GstjlmkQ5HBxm9TZjqEQTAbFzUBl8432wvhVEAf6wwM5tqtSh0bB5Hx&nvMid=29030295586&catId=50000248
Apple 아이폰 13 256GB [LG U+],"542,990원",https://cr.shopping.naver.com/adcr.nhn?x=mlUDrD93cFnDFqgcSOVHyv%2F%2F%2Fw%3D%3DswkgtucFLgaNdwnnJbqbqgsKsDZEzig%2BoVu0MzFQgD2hhJz9H0Ub4KLvuVTVtNMxM1FgIib5Znu6w%2F4nxwbt9JVhHPo22w6voWIT50%2BDeHoHCUdxuntnYWkR94WgBl5xHi2aF%2BRVfpC85AxLdkYCg%2BMi30QtKP1mA7BYZPpxeJLexWvZfe2todmJfmpbNrXnqxxsm%2FS7PvYrIy2gc0Hbz67ix7jXt7MNVc9AIu4EfDZlNEwRr%2B3STfYHGn%2FB5b3e45soZX6%2FosVFLHC0Bb%2F2O%2FaUc7oJ0GV8I0vt0%2FsC%2BQlQHs%2F2PHkpmvWjL2qy1nHubLTV9dlaKfXaQhl0MUlHG3A4YyW1Ge1jNsC%2BnmtXnSPX1QQzCLreNp8sjPDBjStixj1OT%2BvUJUOEzwKKBwf%2Fstc3TMKfDPuSjd8cGIdbb5jZFiBdPxTSuvYOb67FAYBAGCXV2B8r6mc9GdpPVxGCf8U8nkK7045HdcbXgl2QuhmRBskTaofqwA6IQD8JZOZb7LjNO7Bk%2FkLZttcK1wT8tNAzBaJRof88vNvHdHfl81%2F9z52ZBBYsPeJpbUlCx6RKWysASJM2q%2FnqnXQNepJajIVaFndIwdNwuWmKtx1HNSCrUkiyUGZ3FpPHvE7X48%2Bhb&nvMid=29030189588&catId=50000248
Apple 아이폰 13 512GB [LG U+],"909,990원",https://cr.shopping.naver.com/adcr.nhn?x=AZxzVtRdyJCnOpxDcRWEGf%2F%2F%2Fw%3D%3Ds0TDSVQ0r7tlbwamMcy2YHBeddPDX%2BffhqEiSGmmvRp9hJz9H0Ub4KLvuVTVtNMxM5werjNmjTpfWGIPnlh8tZFhHPo22w6voWIT50%2BDeHoHCUdxuntnYWkR94WgBl5xHi2aF%2BRVfpC85AxLdkYCg%2BMi30QtKP1mA7BYZPpxeJLexWvZfe2todmJfmpbNrXnqJg934XoEkbAciqCMIan0C7ix7jXt7MNVc9AIu4EfDZlNEwRr%2B3STfYHGn%2FB5b3e45soZX6%2FosVFLHC0Bb%2F2O%2FaUc7oJ0GV8I0vt0%2FsC%2BQlQHs%2F2PHkpmvWjL2qy1nHubWqW4ZtC9KlkP4X0MY50pp6TPBUpXio4sNOK3DN%2Foszz1QQzCLreNp8sjPDBjStixj1OT%2BvUJUOEzwKKBwf%2FstWwMN2K9hcrs45tluKoxzQlFiBdPxTSuvYOb67FAYBAGZEiQcN5Y62iqKHankNOz3%2BD0cvk9jTjZ%2BuckMQRAROZBskTaofqwA6IQD8JZOZb79lGkMEv7oSGWOgNStdx3WvoK%2FcG4r3sEzoG506Eixt0M1ArTknUek%2FmrLPV4ep%2F4ei5iKMXpSaF7V7MV2vU6K1aFndIwdNwuWmKtx1HNSCrUkiyUGZ3FpPHvE7X48%2Bhb&nvMid=29030296586&catId=50000248
Apple 아이폰 13 프로 맥스 512GB [LG U+],"1,305,190원",https://cr.shopping.naver.com/adcr.nhn?x=L%2FtYoskUlnXxK9DyQPVHif%2F%2F%2Fw%3D%3DsZUwd7LO582R5VgJmdgjUJZT2vjBOGz6BsLzKLISZlVlWQE1WikGGRjsm7ORTamZ7g3n0xEsaQ0AgS0JPLQB%2Fr7CzUVH7V4i00ltG55SmEMo9DwBBgU6RkIY3k2qlkY8FFQLyPStYQ0VSzNYT7KqXukPg%2F6PYJW9LpCSumzPJoiiI9aZyW4hhCgmcrsQhWGWGu52btaJn1DX5MN1%2BFeF7CPKAXVfyDB1yTbVYYpYzcFnUHxlEatbmVq7jmztE%2Fyws3HgCmwN35oIc3WOKGnjmfPziKuqi6lvlwe2gIVAf2UAlXTdy6Sn%2F2yromYu89VyUFpOqk5TQtr6Y9zLaSwgZuB6F9fD0RYIonjMdtRQgvwZcNZN5FF46Jqg7fDWNj5Caa2vd%2FXaDWpJAZi1tHFy9ylu04kXdaYr69N9dWySazW1Dk2nHMP4aHVCx%2FcONoE3uVxrykmdUCWVn8SXvu0QPtMyI7UTAGXbjyFUSumeQoOQZyVXP8MBx51PcdtMFtsvBK2ud1b%2BfZwYPU0n%2BzLfOdQmFYmY72a06WdSh9bMACCFPwCXFJiRdosf3os3K%2FWn1oMoodF94XjZ0xD1HJxcYBsm4TK0zU6I11%2BIW9AXJfnTNjqh%2FZemCCOboDhnweAmG&nvMid=29030181590&catId=50000248
Apple 아이폰 13 프로 1TB [LG U+],"1,426,190원",https://cr.shopping.naver.com/adcr.nhn?x=mj1kKM3OolkInZSW272f5P%2F%2F%2Fw%3D%3DsWyTh9MmGHMwrZWbQ1jNSkjLCXOVWVClGgmcxY8rrNLEbsBKbbjTB%2BBCjsLv6tz%2BjXw9sl35kN1Q5OfKnrTAr85Mwkp1FnLPHps5zXUz%2FSSxsRUouQr2FrRIvQaC7Y4KlIkvDKSV9lThhI6VVtPeDpUgAn8lD2%2BxrgblrBqYwPdWug%2B9sjA7rHdeMLkY%2BwIMUDGwE3QsWN9QrsglmPdQz5zQZD6UDT51Dg8nNb9lI8fV%2BFLPJmN7kd5F0maTGsL0ciboaG8XhlvvL3OVPLP4aeqg%2BxArVq%2FBrPJKx2LY27KIQhkkHXK4%2FmSRy5icYE%2F27BW36r4QZshREfg%2B3vq7RNr6RX5BOxoH3XW46MvE4dHvUQvs8GHq%2Bj7OvUNvyviyxeoI3z%2BL14z9v%2Fx%2BL9Zw%2FKomfPkeQJBZpaSibDcZQLM0EdLuJh13gFOuABI1Cabywr1zQ3TaGfkdsxOv%2Bp53WSiPdT4Ks2DksY6LWLDtrBrSaU9qNqKx0Qc11MwuBOlFm2qRqqkmRjzDmmzADhw5%2BZ53D2traixE7cmPNc4dz%2F7uIDf9TYDOC4LzgCehLsur5IPNZweoOppAhwPHlZwPMRDrn2CjdWds2FV5gd9vbk8CFbDf4gHI5rSMJU1BWcIOg&nvMid=29030294586&catId=50000248
Apple 아이폰 13 프로 맥스 1TB [LG U+],"1,580,190원",https://cr.shopping.naver.com/adcr.nhn?x=0zbIzpDwvE82co%2FIg%2BgN2%2F%2F%2F%2Fw%3D%3DsG5zv%2BBdWB9W%2B5d48XLXKTVnTykhQN4uK31X%2FjZ%2B%2BFf8bsBKbbjTB%2BBCjsLv6tz%2Bjt%2BkfbIUcU%2FJ5B0ZPaKbZKKeUvrKQm2e5eQujh%2FX8w8dsRUouQr2FrRIvQaC7Y4KlIkvDKSV9lThhI6VVtPeDpUgAn8lD2%2BxrgblrBqYwPdWug%2B9sjA7rHdeMLkY%2BwIMUv%2FiyLKIYZJmYdqtV06rV7DQZD6UDT51Dg8nNb9lI8fV%2BFLPJmN7kd5F0maTGsL0ciboaG8XhlvvL3OVPLP4aeqg%2BxArVq%2FBrPJKx2LY27KIQhkkHXK4%2FmSRy5icYE%2F27BW36r4QZshREfg%2B3vq7RNhz2TU5om5MrGOiH5wDVjunUQvs8GHq%2Bj7OvUNvyviyxeoI3z%2BL14z9v%2Fx%2BL9Zw%2FKh%2Fd9QtHho8fvp2oF46GoXgEdLuJh13gFOuABI1Cabywr1zQ3TaGfkdsxOv%2Bp53WSph2%2B170Lc%2Fh1s0cur%2FyDflCJ%2F0P0zUbWoKtYr5Bg%2B6rV5wvSck0MfgYLl2aZJDmmuuWOPQLaXC2xAZkfxCoj%2FwMLu2e3bqpzURIg2gF94Yc%2BqUSdSjNo4xjHEJ%2B8KnCgELqOD8FurpyVMXlwBMPUcpWhZ3SMHTcLlpircdRzUgq1JIslBmdxaTx7xO1%2BPPoWw%3D%3D&nvMid=29030181587&catId=50000248
APLLE 아이폰13 미니 128GB 미개통 미개봉 새상품,"696,480원",https://cr.shopping.naver.com/adcr.nhn?x=qFq5%2BjWxvL7GCKOd0vqAyf%2F%2F%2Fw%3D%3Ds4ieJrTIIP%2BDzDIAH55HUN1OSe9V5jkDHj6u%2FAV4nqOdWQE1WikGGRjsm7ORTamZ7DIUkXvGx6plLkKsh6umQYrCzUVH7V4i00ltG55SmEMo9DwBBgU6RkIY3k2qlkY8F0e8VGgXeW2m0TGBCIeUez7D9cbDzdvBhYP28y8rhu4mr9N9rARz1GwL8SD%2B61y0rt5oGhDt3TbX1M0SeMU%2BznQYaayJwCJtxrbEfVIcdGWlQ82wiFuM0JfI9feXwa4EeQ%2BD%2Fo9glb0ukJK6bM8miKArsK1DNlYuW6vX8WB7j4SnIdRA6cmCQc1ondFsv6J7TBi4oXNPzRdo4ONFrtQ6VmmGMkKJgDgkcL2l7%2BAVNd788B5EBc3koH5PNz%2FSCexpDx7nEmIihWOR22Sw%2FYdXh5pWZTahKbR9pNnZiLgOxSdgGPnfJwCKA4EZK4ZMBUZasqu%2FIOXUs5X5CU5po9mU5qYbD0lQ0LOc6bS2L%2FdkB%2BXgaLyKCzeueQElP%2BnTl1H96caidM54GfroITSwCDrFsYi6CIOHlLyf7tFzQx427OB1wAB%2Bx%2FTKuGXMq8LJYKs9wncozZsDnoGHH1uKKbhp6QeR79U%2F6Az3gE9mQ%2Flgn57E%3D&nvMid=29003990842&catId=50001519
Apple 아이폰 13 mini 자급제 256GB 핑크,"1,190,000원",https://cr.shopping.naver.com/adcr.nhn?x=eBuITZU380q%2BFdlsf1AfvP%2F%2F%2Fw%3D%3DsLlXDN9u4vJowmm%2BM8lccIQyGF2LmLNQcX91dlyLv4fthJz9H0Ub4KLvuVTVtNMxM8zUX2%2FQ6TCzoxzdM44XhbFhHPo22w6voWIT50%2BDeHoHCUdxuntnYWkR94WgBl5xHi2aF%2BRVfpC85AxLdkYCg%2BG3JzeXxkSdTecfUR4%2FvRQjd%2BKwjnmE8nmku4yNhWgwhmfLAARyRl0caaiEG3Q2bq3l3njUb1NGDJ1K332mMmYDQ%2BMQn9cirmRmZVqDKkTcU6dhCzZF%2FrwTKhBCVBv8WWEJ4cDbJjrQ6VqF1O%2BJV%2BN2g9g%2F9Zbd%2FH74nf3SKSxvFgTTtLjp2M2vXpCogesnq%2FquKWQN4b7WstTXVRp4V%2Fd2Kx7G3krbJiQXzryuwwOqJN%2FPJsgWvOgHrbwRrXC4HEjRnaS2Lg2KbNgRkIiYPoA%2FHvY%2FUzN94OzIr5wG3PfiAHZEE0UDavlLBiK92lXiUK1kvY0ILZLXPiCdKgzaS9XwU0KYvN65q1ZzViC%2BZXQ3UeD4nHsQ78AEvDYHXKjVE%2FxTup4zAQuBYhQf463juUAYHw6pdsvOyv%2BnpGjqBfkOQJB7PSUjslBNLW0Bc%2BNkvH3%2B5NoQgzubbZ7B6z7oKy1NlNzdJFgkoR1MOL3Zb6EWFxd6mGunPScNJw5w%2BrO0JunFN2h%2BR%2BA%2FSHcdHm8bKtmdXc50eBITwugSNPH3Ok09sVpGw61BSdoQRvEGgfFlc5w%3D%3D&nvMid=29064819083&catId=50001519
Apple 아이폰 13 mini 자급제 128GB 핑크,"1,070,000원",https://cr.shopping.naver.com/adcr.nhn?x=MWBaeHq6OCLu5xR7ftFL%2F%2F%2F%2F%2Fw%3D%3DsOuixY9jywjIkSzzy4BQCwthzwqStXkOnb3nJ63SDcR9WQE1WikGGRjsm7ORTamZ7eSWpHQ4bTD13Draqvd2A17CzUVH7V4i00ltG55SmEMo9DwBBgU6RkIY3k2qlkY8Fnvf2e3uB7RJaunEtTNEBAnzmYN%2Fcvl75AGnByk2TjWEm5OY6%2FBA05LWPXaqTF3xXnI3Q%2FuFm111yFJnQ1iq5B71Tu2YAED8FE1DskIgCmU0ZGe4cP7cVYU9o63cGbOe8CT0A%2Fhi0KCJEEZzc%2BFaeIxk%2FmKhin15cT4wq2TfBk4KaxqeUWuQvfYZMnhi%2BmE5knxUGtfCYmEsmQThApY3evqsJF1TG8DXvuOXRWh2aiSE1QmeK3ZPITzKHcbEnR%2BI8Z29WpFP2OoooWdRgJRZIke6NItBpC8ACXf1nWIFamYfqdi3Q%2Fm8V2A5jR123nAwZgeWDvZvBQpqoUOWMZKhgty9KIEXyygoz5As6sK9Lyp2pp5UgdwAL0UHEe5a4LJbgNbJojzhGLN4yVleevg28AfFP32JTPalZjpgurQHVVoNdFcVqf2H3jLGjqeWrqizMPWOBqLn9wuFW2krk%2FZPUNFkueGjO4H42JmVY1S92HLfL07boOLwoxL6IajskM%2BfZMxbage1QYs9DO7iwbfSYcE%2BMNUDNa4QJiyQi9UFEadfNjqh%2FZemCCOboDhnweAmG&nvMid=29619937553&catId=50001519
(4/22발송) 아이폰 13 미니 자급제 128GB 스타라이트 MLK13KH/A,"912,285원",https://cr.shopping.naver.com/adcr.nhn?x=39KlRS9SuKCZ%2BQ%2BFILQf4v%2F%2F%2Fw%3D%3DsjWaqfbl4mjhl0RiVT4wyLURcEU4ykb%2FWb7cw39A7tJNhJz9H0Ub4KLvuVTVtNMxMvE08bs97XHAa7gDjR8%2FvCVhHPo22w6voWIT50%2BDeHoHCUdxuntnYWkR94WgBl5xHIhGgKu9k8%2Bgjoa%2FTMMSuRiTGCD9Vz5n4ms8MDGQoS0OXy0ZyPizqqSo9HPLc4z9cE8d27yUxRlOWWvY53aIRuD%2BE6gO4dvU4xj%2BIzt3pTbyorYoLP33X0ay3h2id35cpW0W7fEggyYTMgSGtXVNQKgTaOucdMUc2LRu31KH14TKvqv6tD%2BnI79JmHkRJG8wOP2tfKoQ0NQPyiad34AQ6K9%2FdVvwtcOUlbNrGLU3RUnp6lb6B2It5Mddv%2BfxuKsZ3Tl0XKBj0RpZdG26sc8gcU2GMkKJgDgkcL2l7%2BAVNd7%2F1rb3Hj4l60oB78X6aFUmzcj2yhgXSSzW28oLQaNlx8s6FfFURpqbY5NPm10KPEPIBlaUME0acEgfur2h3b9BRh9mTa%2FSLZ%2Bau5mjsr%2FKKzhnxDC3CXeMV8P2z2fTfjc26U1GyaO3HrxFt3%2FcKsKr7CWBnj55yLQrlnKmaMvc9S8eqvNYKIhuNyWzFyDsdG6plNzdJFgkoR1MOL3Zb6EWFjcya0JRS5wQojL86BAWfLmlUg%2BGZHc4s8Sni%2BHoQ%2FlpXc50eBITwugSNPH3Ok09sVpGw61BSdoQRvEGgfFlc5w%3D%3D&nvMid=29063978571&catId=50001519
Apple 아이폰 13 자급제 핑크 256GB,"1,350,000원",https://cr.shopping.naver.com/adcr.nhn?x=TCxtwCWuBlGtn11pY%2B0MnP%2F%2F%2Fw%3D%3DsHnfCmYp3foqzY0V4wV4d17nGbJSbn3OVJGgpPM5ybwAXfmlaZeQqomjdtI9e3qsmfDNCH0A1Ybk%2BGWzkxVR4MNvXgD3lhtw152a2FhwO7ViQupZEYr5dvOWb9J0%2FS1r4Iv8DjkPBUwyP93V6BvhqhMFHZ6YjirkEyx0YsOhRCZckyuYW9oo962E4ptNomafyXZKFBRaDzCdwBv8PKcQ%2FEMt0VXJ%2F93rcTyTLzS5EEovuI4Qe%2F3cNloFmZT4AvsWRs2ciqR4Jv4rK4l%2FA6Xbnfzou%2BHmU5H884VwEiHu7rMj4NvREAnXI9270%2ByJSj6wrUPNsIhbjNCXyPX3l8GuBHkPg%2F6PYJW9LpCSumzPJoigK7CtQzZWLlur1%2FFge4%2BEpUNAvGGrgwCu4GwigXtVKchWaWYkTj7xp9KvzGz7%2BZegbV9SohnsJOp40F4RSK4iNuPWICe0o%2F5DSndz04l2TfM3zVaNSnElUms3mYOzPgGkTFHVfVt6irmg4aToR%2FDWxag6C6aNR1TI9fRdnvf2UsPXajsHS9bvJEMwotgdtun4fksuHl5HZ5LZhnvs9wZ4vUtdUykTwuebEiVJCNC%2B53IOuAKV6RXG1Is03XJLviBeBiHA%2BfI8xXRxFprbLcDX1itCbcg%2BQbqaYufzlajeCmZ868Mf1zcRnHzlYwHaoZDcGruH08DlKshetxY8KUEZb&nvMid=29064755783&catId=50001519
아이폰 Apple 아이폰13 미니 128GB 기기값 24만원,"246,000원",https://cr.shopping.naver.com/adcr.nhn?x=Xv7hwbLH8N6fDw1xn0xx4P%2F%2F%2Fw%3D%3Ds88E6UGflIwQfRxtBImgAPsuhqLfP6tIJVzFYkvuH7WsbsBKbbjTB%2BBCjsLv6tz%2BjzQsbCNFv3Cy5JLxO8PZduPeWVLJZJUZj3rBg1X6kNnVsRUouQr2FrRIvQaC7Y4KlKIqGlxI1TJi%2FbIBzXIzh1cm3HByBnqyoQudlQvAroBzp33dwRCAzI0IZ9nyD5tkE9Z0ohABIGWTnPESfCqaNS%2FSq49JWRr8vDa7BL3aEQor3gW9Rxgd9jq1Jg4bR2WYvueCfFDuywxl3T1PQ6PKMjF5qtMG%2FJ0PUtQjclakIAMjd8swA0y%2FAR8BYgsreXF90M6xoFcRjtZCbTUYAv5Y%2Fb2xeDmVS9kP3MLsWL1Ykk4etaEuQ1VGwfmraWe3hizAsIcE7ONtcdOnPfQltEK2Z8yJJHMPgB5qMplEpnNsC%2BQy0Mjn0ifG5KjLSKu2T76D9RlmTOUNx7vDRXX%2FyXsy%2FZNVcgNkh0iavfuHOjgYvjCWlpvIpJoUR2r%2FcleMLFLrHClwTso96VPlQH%2BFThTSbEsvTtug4vCjEvohqOyQz59kbxDDoNb3%2BEWy2ZOO4B2I5LIhLOFYcJN6ZfDoYR1lmps2OqH9l6YII5ugOGfB4CYY%3D&nvMid=29860284145&catId=50001519
아이폰 13 프로 자급제 256GB 시에라 블루 MLVP3KH/A,"1,415,500원",https://cr.shopping.naver.com/adcr.nhn?x=2xIp3FRV2R5Wdtpu95ILKv%2F%2F%2Fw%3D%3DsbUXMDEaT3X7lmmhLh6Cd1xQx14VEFdvQsEh4eoJhNalhJz9H0Ub4KLvuVTVtNMxM0R0muK1G53yLaKrAYDdPz1hHPo22w6voWIT50%2BDeHoHCUdxuntnYWkR94WgBl5xHIhGgKu9k8%2Bgjoa%2FTMMSuRuOmWAc4mSnKWcXf9cA8e%2F9a1%2BcsP1qOUacbPJ7D0%2Fi%2FswSyzjGOJrRlupD7Am12Z8hJEXmb2Q%2F4zOQKD9OzKvO8bhT1NN2YMQKOmB0ubhMWBV7e2IVwQcc6G0qXRZDNBdQ1c6B2iTV3vUmOykJX4A4jDAC92sKrhHPoNS4maYBQqwkXVMbwNe%2B45dFaHZqJITVCZ4rdk8hPModxsSdH4jyOHil7A6wx9xpTbJYwWkS2lmxvPhpN6lN0Zn9bNV5tTSvfCmiGWuFQRNFecKmBkk7ehzNivH23GTZiuh43xfI%2BjB5%2BwQwTWqlzZqCmwHkzLypRtB%2BeiehoUQKAlSMqPxkkT2hfG%2BUhZL3J5hdDZJ8dIaeSI6livRoJ3tTqrulebMJHWAihnwtHcOziobI9WeEL6nrfebnckJCqgqS%2F1UnIBqVOP2t9eiKZjLXQHczOdH5LEJ46NJAJ0MmuBFrM0BR8FZ7Dsr42BPOh%2BTnG5qZTDBmLWOKO8eyItfUIu%2FoInuuk6JjOeo2kiXYetO5SaGCCqA6%2BrrPkSkQjk3bFq%2FUy&nvMid=29727542835&catId=50001519
아이폰 13 pro max 256G 자급제 미개통 새상품,"1,379,000원",https://cr.shopping.naver.com/adcr.nhn?x=Gfu7Z7fQA8wGCD6XV5q4wP%2F%2F%2Fw%3D%3DsJjN42KG6HmpLnWj%2FHi9d%2FHRHXWdbQr2%2FkLELqXHdp6VhJz9H0Ub4KLvuVTVtNMxMVTPNkraDk271kiYrqHkvMFhHPo22w6voWIT50%2BDeHoHCUdxuntnYWkR94WgBl5xHIhGgKu9k8%2Bgjoa%2FTMMSuRu0JZ4vKXq2xVuFay0gNbwiO%2FsdgQE5FIA0Tw1QMogpFqhf3T1Pq2kU0YzGADA1kYiJvwkxKtk2z%2Bj6IStYJHpo%2BjbBIar4gR0HXYCDIEy1hqwkXVMbwNe%2B45dFaHZqJITVCZ4rdk8hPModxsSdH4jxKr2AVxtn%2FwTsN6AaiITBGWlMnRWnCpSBgruqSinQGrivfCmiGWuFQRNFecKmBkk6aZw2XBb1afzDCFMGjGmOejB5%2BwQwTWqlzZqCmwHkzL8GECnVO%2BQfskmkZtzrI6e647XF5PGf2u3xL8YaAbF5d20ekqy3gfajOXmb0Pk3nOjulBXMG7WVUNNGPsx5675dHNoRBvQOPAtRH0gNhcJVj8aQrrqaUTw4PVEEWRm6tKHwJeXbnU6mZaLN%2BXPYoRZx338vjIRRvxmMJwXSHygcIGVn5ZoTnBx3%2F%2BZePVIHCp8cgIRCk8vtGb7Z%2FKGMSEdE%3D&nvMid=30313541941&catId=50001519
아이폰 13 미니 자급제 256GB 핑크 MLK73KH/A,"1,046,727원",https://cr.shopping.naver.com/adcr.nhn?x=v9ZwOwk%2BM6Qtq1e9Jo%2F5r%2F%2F%2F%2Fw%3D%3Ds6xWvyHbpU5DX3%2BPY8xTlR5uwN69FY1gS9S5QZ9EO9zEbsBKbbjTB%2BBCjsLv6tz%2BjN0ieUi%2BIIuh%2BgDJpIbpQYLkVwolSbxvoLluQB4wBnktsRUouQr2FrRIvQaC7Y4KlKIqGlxI1TJi%2FbIBzXIzh1XCmjomTCfccIxWbx2Xshhmig%2BHNPcXun0BGYcBoypJ8YKlSpg9zYYpnj%2By9QmeXD287Q7PT8KHIltxEe82lrg4qs8FI7PXXYjZcp%2FrPY3q3ttL9uhYa5SgY92RIBZWuA3XKDSjJgMgLxy4oYkrntr%2FBNLNfdnZLuZbfBjOzD5%2F9gGwmPNX%2Fe%2BXkuZ30duRQYj%2FN1gL%2FBgCKENDMCz1nm%2F3B6a1MjAmi1eNDwkgxuEIllGM%2B3vLZvJEuryfHkUcIVCvfCmiGWuFQRNFecKmBkk4FYvvfDSOoF8GlOEwGCmArjB5%2BwQwTWqlzZqCmwHkzL4ODj7U4RTNsjwbJ6ypzRs%2BKnFhXpti1I2OgWSt3sOTEgNIbc3N6kd4%2FO4sQuMVDFh%2FSDmxxy6ruEFXV61yu2aj3kJm9j1rTPjalJfXTu7f32yD7WAc1CltViYbu82Fg3XwJeXbnU6mZaLN%2BXPYoRZwX5WSXzC1XK6g0b2YNSfmw50PYjlariipVS5JmFpUn%2B8cgIRCk8vtGb7Z%2FKGMSEdE%3D&nvMid=29883425290&catId=50001519
아이폰13 미니 128GB 미개봉 새상품,"724,710원",https://cr.shopping.naver.com/adcr.nhn?x=MFKVUIsI31LixPQag9uNxP%2F%2F%2Fw%3D%3DsDrvFNzzbZUa%2FwrZXhJmPz0VV7BXm04HPjjuSK5SDbcphJz9H0Ub4KLvuVTVtNMxM%2FJbkI%2BChJDDfvDTZzUukClhHPo22w6voWIT50%2BDeHoHCUdxuntnYWkR94WgBl5xHi2aF%2BRVfpC85AxLdkYCg%2BLDXn0IDLBCgN%2FK3%2BGwmqM%2BpFjjh%2FGPU%2BK9K7OXF%2BaHk0eX6N0xSuoVW6n8HgFyAb3DGPuL7c%2FLWOJOtwz%2FJK0hPUwNT9XAq3TxGmj6LuoA7Zp98X%2FdU5oFu8fYdY8M1TKsJF1TG8DXvuOXRWh2aiSE1QmeK3ZPITzKHcbEnR%2BI8344jOyUHk3JmcWOAOiicsrCUKf2yS3GpTT4dJFt3Qbvqdi3Q%2Fm8V2A5jR123nAwZyy1K21Gx0OgGhZUjA6RYeG63HpiePUlUiVkHUD0Mt56ho47QpZKEqsDtmGLZgweJnNiiPeyWZLu8DV5ARFFDZvwD9FqBCNnMrMJATV%2FJyhZdnvoolkKVNouiKxvFitIQEBJRg1SKmnHdSk1pFQ9egJG%2FssiybuFD%2B4chjaq0sGHRcJRY4jFToL1NbBYRrJQiYwHiZDpjdR%2FFMGgkdNSWLZ0CGmWuwnBHLzsnBcCtDJFB0CIl3BeKsFF2drF%2B%2BsFv&nvMid=30717422258&catId=50001519
아이폰 13 자급제 256GB 핑크 MLQ83KH/A,"1,181,169원",https://cr.shopping.naver.com/adcr.nhn?x=TKnp%2BiVp0cQMW%2BV0eYcI1P%2F%2F%2Fw%3D%3DsfIlKiYQG0ZMSdXjFwTk1DkOLDczEB1cb3QeO7YEzsBFWQE1WikGGRjsm7ORTamZ7aeIKDDH3Pmx5wddvLIYz9LCzUVH7V4i00ltG55SmEMo9DwBBgU6RkIY3k2qlkY8F0e8VGgXeW2m0TGBCIeUezz4X%2FMOBzrhC5G4mTiyCCYa8b2GJXKCmb6euH6loXMaaAMI0mLM5kJOLgJO0QVLWS4YZinJnrZA5ah0dI%2Fv0MOxCz4%2F64xZ3yyKA7bm0PxSkRS8PGR7BXWLuitV8QARI1pOTGx3vvICtZ8jR796BzObb5wNYFhvipib%2F81Av42sTa%2BpHa6ewb0%2FDpcGez9%2B2Mmaf7oVVn%2BbTDsruUdhAA7vVchkmo9vhl68W8BdLgG5slSlN7SOy8ql2orLF1qMBbkupyqKrbq%2Bohkoas%2FVOhW5MLe03cBECBfs7PjSzuN0beTxswSpjtmly9xBJ22QymCoxJT9iS47Bln2P3AyE7mzDwybPm6GJn4nShwV61FEE3Y4FnUsFUNRhebCcRE5Y0QlgZ4%2Beci0K5ZypmjL3PUsno9Rcwjw%2FkHr7jmzo%2FYZNwpHdgqUP2oYCXqBf0e9k7sOh3yn0hDcCVzUBtWtoX0U8IFCmsC1wyQyRu229Ur43VoWd0jB03C5aYq3HUc1IKtSSLJQZncWk8e8Ttfjz6Fs%3D&nvMid=29609826055&catId=50001519
해외아이폰 13 Pro ProMax 미국직구 정품 무음 카메라 관부가세 포함,"1,500,000원",https://cr.shopping.naver.com/adcr.nhn?x=Bu5pC0cq8RWOIXnbjVPtDf%2F%2F%2Fw%3D%3DsnNwFMeJinnBElR%2F5muqcB%2BXn6ghrvlKBXsROcR%2F8MuVhJz9H0Ub4KLvuVTVtNMxMDym%2BniPajKkrqVPdJIVJTVhHPo22w6voWIT50%2BDeHoHCUdxuntnYWkR94WgBl5xHi2aF%2BRVfpC85AxLdkYCg%2BDaSZny%2B1MgSfJG5ocTRQNj1rIvubP2%2F%2BNF2sTRY2hEVeYhAco%2B95%2BQxpQbOfN9ZSJb5%2FXgo76Zxq3gwBSvlvSvDpmNu2Rs3tEPrV0ZTODsbWqyaFa2xLbpwGCJChqMDqt3axFnOXmVzhvUdKCxKorR3qpCFhQPfw1oGPl2qCdXyDG4evy%2BM13j64UYOnhTyGRquYXgFFqDlX8sGKltbU9t6K503jBTFiO%2BslOwbxo4OI4d%2BgwAqQly%2B5UHS5qQbHLyHxLAVwR%2F9t74CHb8z1VX0hvTVcKMhwnXct5dGhQKCHLfzMSnv8HYorSv1ZTXtAY9%2BipVKASRubGtExIR6g%2Bw%2FHCSgH5t4R0YRGrkHsv7xWUa4qtIe8bOfXdD8FXwBxhhy59raWfLfTSqo7DFEHcK40khxWCPb6No%2B97ZmwwhuPeWNvZUjw%2BJFY6KwkGBk16UG1wTvO5aX4iznrwWq%2BVRWhZ3SMHTcLlpircdRzUgq1JIslBmdxaTx7xO1%2BPPoWw%3D%3D&nvMid=83251553577&catId=50001519
