Apple 아이폰 13 256GB [자급제],"1,179,990원",https://cr.shopping.naver.com/adcr.nhn?x=cLnzjuoNr8VjZP8nJf2P%2Bf%2F%2F%2Fw%3D%3DsBcJ2Yg7t2uboEHaHjj25YrpQ1Q4D7%2BVlwz0a5mnNpLxhJz9H0Ub4KLvuVTVtNMxMekiCBdF32KFj%2B1E5dVc79uodsPtvx8IrbCcwQ%2FmS6hMnG8yJEYuyyBUPHFGzRDzmliPn3mtNunNdIMqNa2Gv4ci30QtKP1mA7BYZPpxeJLexWvZfe2todmJfmpbNrXnqXKJBKazWTMr3TF%2BX7oeAGbix7jXt7MNVc9AIu4EfDZlNEwRr%2B3STfYHGn%2FB5b3e45soZX6%2FosVFLHC0Bb%2F2O%2FaUc7oJ0GV8I0vt0%2FsC%2BQlQHs%2F2PHkpmvWjL2qy1nHub6GSeV9QA86i1c0Llv2r4Zl0kkKArqXQIpUDO8ts1Hqb1QQzCLreNp8sjPDBjStixlfxinuJIcXbelONAuMrnG7Yf%2BbLIOSDCVS9MgZI%2BYDNFiBdPxTSuvYOb67FAYBAGCXV2B8r6mc9GdpPVxGCf8Ue%2Beig2o%2Btg3G0msNFep4byNHyBUXwWVD2ki0TxnNzybhH9wEAloUwKKpNfU%2FlKrGBx3ZKdlE4AnyU%2BhHTsiFWOv%2B%2BG7P8zZs54SDuTec41sUhpFCObkRvwFajJ02zJCH9t61OSJipP%2B04Yhv4AEu9oaKZHilHbuauHUigNM5KA&nvMid=29029192591&catId=50001519
Apple 아이폰 13 미니 128GB [자급제],"912,270원",https://cr.shopping.naver.com/adcr.nhn?x=GwfjwwpFI879uFpILN2h0f%2F%2F%2Fw%3D%3DsfR8ShfSSOxM2ikznTpR8uTAmbvv9CSRZySphbEf9n%2FIbsBKbbjTB%2BBCjsLv6tz%2Bj6ux81N5wKHRIvUvuMlZLVwiY6Jr0nDzRybQzl334DiHFEyYAPykz%2BFS726E5Se%2BdR%2BiwWiPeZh%2FZLAVl%2FJWaE0gAn8lD2%2BxrgblrBqYwPdWug%2B9sjA7rHdeMLkY%2BwIMUBsMQtj5XHDJQWXtaIT33czQZD6UDT51Dg8nNb9lI8fV%2BFLPJmN7kd5F0maTGsL0ciboaG8XhlvvL3OVPLP4aeqg%2BxArVq%2FBrPJKx2LY27KIQhkkHXK4%2FmSRy5icYE%2F27BW36r4QZshREfg%2B3vq7RNiXPHkvNW71GJIcb3NlFLO7UQvs8GHq%2Bj7OvUNvyviyxS6nKoqtur6iGShqz9U6FbvUQcCC5f%2Bb7s2cdgPAXB0cEdLuJh13gFOuABI1Cabywr1zQ3TaGfkdsxOv%2Bp53WSm%2BxLbYFZPvhaF%2Blk8YdfMPPU6pntGCurhu%2FV8uonTYh5X6MB3JdbnBohOi8QY2msskXc7UGbz%2FDWflzRpGwoyp8UohkGWaulgjx49BLgf1OHONNxfChUzyWuEvqKDLzckXO9pxgRneo%2FnZ05RF2Fm7HICEQpPL7Rm%2B2fyhjEhHR&nvMid=29030650586&catId=50001519
Apple 아이폰 13 프로 128GB [자급제],"1,260,050원",https://cr.shopping.naver.com/adcr.nhn?x=uSJelzZAlCXXGuAPGkt2%2Bf%2F%2F%2Fw%3D%3DsOK3Eb%2Bu1zjHYo88KlBa%2BtnnWpOJyVLr7IPu%2FMHQ%2FUyRhJz9H0Ub4KLvuVTVtNMxMnN3cJ1CXDl%2FOfUrMa3YH%2FOodsPtvx8IrbCcwQ%2FmS6hMnG8yJEYuyyBUPHFGzRDzmliPn3mtNunNdIMqNa2Gv4ci30QtKP1mA7BYZPpxeJLexWvZfe2todmJfmpbNrXnquNUGE%2F8E2Wl6h%2B8WEwxe9bix7jXt7MNVc9AIu4EfDZlNEwRr%2B3STfYHGn%2FB5b3e45soZX6%2FosVFLHC0Bb%2F2O%2FaUc7oJ0GV8I0vt0%2FsC%2BQlQHs%2F2PHkpmvWjL2qy1nHubWeePB24Q187%2BWIRlD2TydrLj4kyvtYP%2BBcK6yVrbA531QQzCLreNp8sjPDBjStixjQaGLcMmduX4DYWfbsi2VKdYf4ml4NYZ6ywly2z9kGpFiBdPxTSuvYOb67FAYBAGpxy2zgNMJa1at1GSrSd0QNH7zvJOZf1oQltdHY%2FmPwdD%2FkFMO4s7sTx4sbc7XXXQvaOjGxMtdSZf0nL3LrxHbIWMhNdv9LSGnRqQskFtq7FPwCXFJiRdosf3os3K%2FWn1SqlVWpgEz%2Fu%2BAEamkF%2Bu%2FnqntzCwSEXsP5pGO%2BhpK%2BtoaKZHilHbuauHUigNM5KA&nvMid=29030420587&catId=50001519
Apple 아이폰 13 프로 256GB [자급제],"1,398,390원",https://cr.shopping.naver.com/adcr.nhn?x=tgN2e%2FW9p15GKaw3THYhW%2F%2F%2F%2Fw%3D%3Dsfdbx24dP7n6emZb%2BGcp0Mcsbocj0u%2BKaHvGJ16O68wRWQE1WikGGRjsm7ORTamZ79aTgnPS6k8TykLeLvUSP2hx9qpOR0JyY%2FS%2Fn6QJl9R7F8nPPUCcTPMqCoaJStvICI0PkheNUCu3s%2BWFt5OvvIkPg%2F6PYJW9LpCSumzPJoiiI9aZyW4hhCgmcrsQhWGWGObEszBFb2RlRYVOgd6veGfKAXVfyDB1yTbVYYpYzcFnUHxlEatbmVq7jmztE%2Fyws3HgCmwN35oIc3WOKGnjmfPziKuqi6lvlwe2gIVAf2UAlXTdy6Sn%2F2yromYu89VyUHCINziL01DQRPxX1HTTje%2BShdoYX0JQTqi5ZlcawHmnqdi3Q%2Fm8V2A5jR123nAwZGAcEe7n%2FGe4oEgPtgBdbJIBD40iqWaNeYMpOus5JTYBDk2nHMP4aHVCx%2FcONoE3uVxrykmdUCWVn8SXvu0QPtN0u4czD1d73s%2BXym%2BxAMdsUVxRG4ldwD1%2BkE4NgSPi63URfBmTORH7vj%2FpLXIzcjt6ucT28oqwUmB%2BNIN%2FvHzaIDf9TYDOC4LzgCehLsur5dNZXg1dL9ke%2FOwyivghHanb4yDW67EZOwJJ8AkEdEJkOEsHC78VBLnFZh%2FnDobeN&nvMid=29030492586&catId=50001519
Apple 아이폰 13 128GB [자급제],"1,042,570원",https://cr.shopping.naver.com/adcr.nhn?x=BNlRSVt2F4O6JVO27Dj0yv%2F%2F%2Fw%3D%3Ds3Vu8zgdMJnwEoKf8EySWkpDz1snn0JBRso%2FhkSrC2fdhJz9H0Ub4KLvuVTVtNMxMSJKx6vV77e1y5C30AVPvk%2BodsPtvx8IrbCcwQ%2FmS6hMnG8yJEYuyyBUPHFGzRDzmliPn3mtNunNdIMqNa2Gv4ci30QtKP1mA7BYZPpxeJLexWvZfe2todmJfmpbNrXnqNGdmVqT0qJ11casXr%2FJUjrix7jXt7MNVc9AIu4EfDZlNEwRr%2B3STfYHGn%2FB5b3e45soZX6%2FosVFLHC0Bb%2F2O%2FaUc7oJ0GV8I0vt0%2FsC%2BQlQHs%2F2PHkpmvWjL2qy1nHubKEC8qbxyPv1QksXtcXT2dYx3OsPDDth9Rb7A3FCd%2BKX1QQzCLreNp8sjPDBjStixjQaGLcMmduX4DYWfbsi2VFoO%2FDp4mLijeM28ltrw%2FnJFiBdPxTSuvYOb67FAYBAGicyoxpgWhb%2FJFrbN3vpwU3GwXssWiUWB5AWWes%2FwlZHyNHyBUXwWVD2ki0TxnNzyJtmHLiUwOdsFEOplcPeQD%2ByY%2BVZD03O28XPZ6PlTqwOOv%2B%2BG7P8zZs54SDuTec41g7f63yD5d37SOA%2FIA%2FQdv%2FRRs2Tl2LVXyNQxua0eKL8GruH08DlKshetxY8KUEZb&nvMid=29030374587&catId=50001519
Apple 아이폰 13 프로 맥스 256GB [자급제],"1,600,580원",https://cr.shopping.naver.com/adcr.nhn?x=N6WeWg4r0lPaADNgdwM8pf%2F%2F%2Fw%3D%3Ds4Z0jSb%2FeHtBkKkeSjtDHdlzA7FSP260QOi4y8iV9BnlWQE1WikGGRjsm7ORTamZ7L%2FM9H0aeiiEAkWuY4aWOPRx9qpOR0JyY%2FS%2Fn6QJl9R7F8nPPUCcTPMqCoaJStvICI0PkheNUCu3s%2BWFt5OvvIkPg%2F6PYJW9LpCSumzPJoiiI9aZyW4hhCgmcrsQhWGWGGRvm2iC%2BAsbJBoGpPZJZjPKAXVfyDB1yTbVYYpYzcFnUHxlEatbmVq7jmztE%2Fyws3HgCmwN35oIc3WOKGnjmfPziKuqi6lvlwe2gIVAf2UAlXTdy6Sn%2F2yromYu89VyUsWKq1QGhZFrOmaJge4W1C0MbY8VmTh9ALHq2MT43c0rqdi3Q%2Fm8V2A5jR123nAwZbiixqaTKLzmIOkMehV9BZMIcmJywkR5Qyl4Eo5J991ZDk2nHMP4aHVCx%2FcONoE3uVxrykmdUCWVn8SXvu0QPtAMC8VRZxDY4cjIIz6rWwYjlE80KNwbfNxekQsGJejRksTXhzeKkynwlV5iG42bUw7qc8fYnz4xpLGH%2FIbbjPIZk9HYwzk2ifVZIiaa9KKqi75%2FUPHB4Y%2BkjP%2F3y4YkJ92K%2BV%2FlCFKUDvCR2c1%2Bt6mhXc50eBITwugSNPH3Ok09sVpGw61BSdoQRvEGgfFlc5w%3D%3D&nvMid=29030294588&catId=50001519
Apple 아이폰 13 미니 256GB [자급제],"1,020,590원",https://cr.shopping.naver.com/adcr.nhn?x=BzmJSmjZcRCpfaemVHm8rP%2F%2F%2Fw%3D%3DsYE6zu%2BIuaxAsdNKvUMATd8Vf51U2qX53l%2F%2Bq644Q%2Fn1hJz9H0Ub4KLvuVTVtNMxM%2F2J3AM7TZWkBwLmQaUQG6uodsPtvx8IrbCcwQ%2FmS6hMnG8yJEYuyyBUPHFGzRDzmliPn3mtNunNdIMqNa2Gv4ci30QtKP1mA7BYZPpxeJLexWvZfe2todmJfmpbNrXnq057%2FmlbCMWUqQYtn8CmoI7ix7jXt7MNVc9AIu4EfDZlNEwRr%2B3STfYHGn%2FB5b3e45soZX6%2FosVFLHC0Bb%2F2O%2FaUc7oJ0GV8I0vt0%2FsC%2BQlQHs%2F2PHkpmvWjL2qy1nHubFwBtwqyCWVus4X%2B8Hr0ojBLu4MFZQyD2ifegN9uAhmL1QQzCLreNp8sjPDBjStixjQaGLcMmduX4DYWfbsi2VGBT7SMKEEWA0f6R2waC%2F2dFiBdPxTSuvYOb67FAYBAGWR34PGgX21IX5FwB8U%2FAXwb3eAmUpLAW0oMcgSl2cZpD%2FkFMO4s7sTx4sbc7XXXQvaOjGxMtdSZf0nL3LrxHbBKR3XZbjOmndwZETk1wh1RPwCXFJiRdosf3os3K%2FWn1HRN0JVIysYk24FUexPKVB7QwCrFqCSG3v0aoW%2FVhXE7LVWGr8fvvH1mWvUgXPK6j&nvMid=29030437590&catId=50001519
Apple 아이폰 13 프로 맥스 128GB [자급제],"1,490,000원",https://cr.shopping.naver.com/adcr.nhn?x=rnUmv7%2FTIOxROcDnHt7iBP%2F%2F%2Fw%3D%3DsGj1yo%2B9JTxI%2BuLOr3s4nFBYPqek0Ox79vKGSLeG%2BkdBhJz9H0Ub4KLvuVTVtNMxMdyB2nJxqIwUw5ZffewOn8uodsPtvx8IrbCcwQ%2FmS6hMnG8yJEYuyyBUPHFGzRDzmliPn3mtNunNdIMqNa2Gv4ci30QtKP1mA7BYZPpxeJLexWvZfe2todmJfmpbNrXnqnCfUWv5T09LdwRr0l79u4rix7jXt7MNVc9AIu4EfDZlNEwRr%2B3STfYHGn%2FB5b3e45soZX6%2FosVFLHC0Bb%2F2O%2FaUc7oJ0GV8I0vt0%2FsC%2BQlQHs%2F2PHkpmvWjL2qy1nHubtOblT4QfNhimlT0Uv8bpvBi%2BCp0Ngmk36yvvOFLoxnz1QQzCLreNp8sjPDBjStixjQaGLcMmduX4DYWfbsi2VEuOqndcNhlSmkVsiQch3nVFiBdPxTSuvYOb67FAYBAGpxy2zgNMJa1at1GSrSd0QN4u9dXHHCExaTB3By%2FzhJgN%2FOXq06xFLlMCwNDQObjPLcqEhOiscytOptfh0D9%2BAgjRAlcPdTeBYEzTcAf5UDWpTP6YFFetTi1doBb6JCF9v4YGjJCSIW1IvBxXT1wG923r692b43wLSJvKmGIdSZFvU2Y6hEEwGxc1AZfON9sL4VRAH%2BsMDObarUodGweR8Q%3D%3D&nvMid=29030367587&catId=50001519
Apple 아이폰 13 프로 512GB [자급제],"1,646,330원",https://cr.shopping.naver.com/adcr.nhn?x=TJC6hLL5sgirEI4WITXeW%2F%2F%2F%2Fw%3D%3Ds3dtf0K4C0QWU7ICjWC82s00gVS8n2OiMjRGg5TOxfyVWQE1WikGGRjsm7ORTamZ7aft2QTsqHshsHs2CzEJa8xx9qpOR0JyY%2FS%2Fn6QJl9R7F8nPPUCcTPMqCoaJStvICI0PkheNUCu3s%2BWFt5OvvIkPg%2F6PYJW9LpCSumzPJoiiI9aZyW4hhCgmcrsQhWGWGidrGyrdYG9xYKiUSnB31wfKAXVfyDB1yTbVYYpYzcFnUHxlEatbmVq7jmztE%2Fyws3HgCmwN35oIc3WOKGnjmfPziKuqi6lvlwe2gIVAf2UAlXTdy6Sn%2F2yromYu89VyUahWrQEMV7R49IdByZfcOQCp2GlShDf6scaMgDRyrNIfqdi3Q%2Fm8V2A5jR123nAwZuFm0YjZ5yjETBgksmMvVxrFJegG5cjolqXymF9sHTJBDk2nHMP4aHVCx%2FcONoE3uVxrykmdUCWVn8SXvu0QPtERLpEuyn3rZvBzo%2B%2BJwFO0UVxRG4ldwD1%2BkE4NgSPi63URfBmTORH7vj%2FpLXIzcjhCg798V9UTEdPvhmOB1Ww%2BIDf9TYDOC4LzgCehLsur5kBXJA4%2BKvLUx06h5VK3QwLEU%2F5vllCw%2B1E3YEE7FyWkOEsHC78VBLnFZh%2FnDobeN&nvMid=29030416587&catId=50001519
Apple 아이폰 13 미니 512GB [자급제],"1,300,700원",https://cr.shopping.naver.com/adcr.nhn?x=EjCsFyXKIDmTJ3tNBlcnwf%2F%2F%2Fw%3D%3DsKqgXTxJ4V23v028uv84rFGW2vUDKwI1jcrwR%2F6VYJTlWQE1WikGGRjsm7ORTamZ70g%2FNFxBk08BmlJI9ySwlsBx9qpOR0JyY%2FS%2Fn6QJl9R7F8nPPUCcTPMqCoaJStvICI0PkheNUCu3s%2BWFt5OvvIkPg%2F6PYJW9LpCSumzPJoiiI9aZyW4hhCgmcrsQhWGWGRcIO%2FsSRKHMrPSPiMPM2BfKAXVfyDB1yTbVYYpYzcFnUHxlEatbmVq7jmztE%2Fyws3HgCmwN35oIc3WOKGnjmfPziKuqi6lvlwe2gIVAf2UAlXTdy6Sn%2F2yromYu89VyUC84aaaOq8B8yXb9s6%2FKR88svdNQEYHzZqOpfAORZUDbqdi3Q%2Fm8V2A5jR123nAwZWv390Y6uVBXohIloc6Yu3LFJegG5cjolqXymF9sHTJBDk2nHMP4aHVCx%2FcONoE3ucOT%2BRsdnHIzNMGl8g3WFM%2BjBHdWnQFVaqW4CmZIXnyUUVxRG4ldwD1%2BkE4NgSPi6dykU%2FJeiIZetkePkTUpOtk5PyPmDysGEufwUtxhb26aIDf9TYDOC4LzgCehLsur5CtZjqK2TYx4MA4WIKAh3hgnVPCZUiUh1ERlXx0KlZI%2BFbDf4gHI5rSMJU1BWcIOg&nvMid=29030296587&catId=50001519
Apple 아이폰 13 프로 맥스 512GB [자급제],"1,782,200원",https://cr.shopping.naver.com/adcr.nhn?x=ikXi3%2BW0J6EtmUBwzuIzMf%2F%2F%2Fw%3D%3Ds8JZ5NeQQjEz69UJdVu5fKUm1kV9eo5X6zTn%2FFGstfrJWQE1WikGGRjsm7ORTamZ72gAIFhPkHMFurgnLeR%2Bm0hx9qpOR0JyY%2FS%2Fn6QJl9R7F8nPPUCcTPMqCoaJStvICI0PkheNUCu3s%2BWFt5OvvIkPg%2F6PYJW9LpCSumzPJoiiI9aZyW4hhCgmcrsQhWGWGOUisOr%2FsrM0gmiALHeCsDvKAXVfyDB1yTbVYYpYzcFnUHxlEatbmVq7jmztE%2Fyws3HgCmwN35oIc3WOKGnjmfPziKuqi6lvlwe2gIVAf2UAlXTdy6Sn%2F2yromYu89VyUcNOn%2BwXFsGGWrVkynEJ79yfeo%2FSdZaptlzxtVlib7Vfqdi3Q%2Fm8V2A5jR123nAwZ1e5lF9HDBfdoKpK57iPmYoBD40iqWaNeYMpOus5JTYBDk2nHMP4aHVCx%2FcONoE3uVxrykmdUCWVn8SXvu0QPtMyI7UTAGXbjyFUSumeQoOTlE80KNwbfNxekQsGJejRksTXhzeKkynwlV5iG42bUw774FYnWZ80GlBfgYc7EfyanG8nQdzrUlVGMBdb5QJTSvDP3PY2%2B%2FeRCPSJCdSIlDOm8AjXVtSSSG3lnQf9R8N9WhZ3SMHTcLlpircdRzUgq1JIslBmdxaTx7xO1%2BPPoWw%3D%3D&nvMid=29029192586&catId=50001519
Apple 아이폰 13 프로 맥스 1TB [자급제],"2,034,900원",https://cr.shopping.naver.com/adcr.nhn?x=Do818tCW45NowRxF%2FzpTyv%2F%2F%2Fw%3D%3DsPcr1iNITPqT0x5PPvIH5ngkuqmZwLEA1NJZBiFaAS5hhJz9H0Ub4KLvuVTVtNMxMPnDqrzY8H5%2FLgKD7j0f36eodsPtvx8IrbCcwQ%2FmS6hMnG8yJEYuyyBUPHFGzRDzmliPn3mtNunNdIMqNa2Gv4ci30QtKP1mA7BYZPpxeJLexWvZfe2todmJfmpbNrXnqArgGaDBKbEfnwAwTC02FZ7ix7jXt7MNVc9AIu4EfDZlNEwRr%2B3STfYHGn%2FB5b3e45soZX6%2FosVFLHC0Bb%2F2O%2FaUc7oJ0GV8I0vt0%2FsC%2BQlQHs%2F2PHkpmvWjL2qy1nHubsHUmvU7xcIrdfXm%2FuzGaRW%2F8VhxRMNSjhPfAfT4Al7f1QQzCLreNp8sjPDBjStixlfxinuJIcXbelONAuMrnG%2FIAoizsYO1d%2BlRONyZaGwpFiBdPxTSuvYOb67FAYBAGpxy2zgNMJa1at1GSrSd0QE%2Fd8fyX9mvA9gmQbAmJrnV1I8EDCh5n2RBrPUf%2BYM4BX8a%2FHvPOPEuDd1Ce%2FzZYNbMRUjFUns1jqzbBcQhTMbPMDvY6G57Nsw2grqUdQYGN14pTEpxhJPPzspURjBnEFswpRoe4nwvghRJrx9Xq%2BIoDfkLIyuldBS3f8m8e6nLmzUhNzs2VE%2B%2Bisqs3JAEppg%3D%3D&nvMid=29029192590&catId=50001519
Apple 아이폰 13 프로 1TB [자급제],"1,895,500원",https://cr.shopping.naver.com/adcr.nhn?x=%2B1sqdgk5T2ozQEuBEuOAt%2F%2F%2F%2Fw%3D%3DsUBcuDDH5Fc0DCMtNQIQB6%2BFspVPYqX0t88YZymX8XhRhJz9H0Ub4KLvuVTVtNMxMJVO%2FAzfoqVIkwDRIVuAVCuodsPtvx8IrbCcwQ%2FmS6hMnG8yJEYuyyBUPHFGzRDzmliPn3mtNunNdIMqNa2Gv4ci30QtKP1mA7BYZPpxeJLexWvZfe2todmJfmpbNrXnqM3WLqq0EN7lRPuVNhhc%2BTLix7jXt7MNVc9AIu4EfDZlNEwRr%2B3STfYHGn%2FB5b3e45soZX6%2FosVFLHC0Bb%2F2O%2FaUc7oJ0GV8I0vt0%2FsC%2BQlQHs%2F2PHkpmvWjL2qy1nHubcJn1H5X3T9bWOsHel01INSFztMvNLm2EuvwyNkqfRR71QQzCLreNp8sjPDBjStixlfxinuJIcXbelONAuMrnG3YM2ZM5kwNW%2B6%2BKIIEB6oFFiBdPxTSuvYOb67FAYBAGpxy2zgNMJa1at1GSrSd0QMqD57D2P1PrRaH8zD%2F9mrolDv77rgQoH8LCOsgmhGGjYvI8NZGDKVgT3owfgSQvZr3zd1vk0ARFZbjSQy7PeDENauEcRynSn%2F8orOK7nc90IgQw20cqgwNmRStLA3Ji%2BTBS0yoy%2FgaMndzyaSj0ws7LVWGr8fvvH1mWvUgXPK6j&nvMid=29029192588&catId=50001519
Apple 아이폰 13 512GB [자급제],"1,318,900원",https://cr.shopping.naver.com/adcr.nhn?x=i2OsFVPiEI2UolZ5hZ0WKP%2F%2F%2Fw%3D%3DsETbc6Lb5mI9LG0H1miV2CR8Laif5FICMESjaw9m6tplhJz9H0Ub4KLvuVTVtNMxMJqcqvNMLsMMagTKpe8vI%2FeodsPtvx8IrbCcwQ%2FmS6hMnG8yJEYuyyBUPHFGzRDzmliPn3mtNunNdIMqNa2Gv4ci30QtKP1mA7BYZPpxeJLexWvZfe2todmJfmpbNrXnqMp%2F9XPfjTZN93E2a1T98erix7jXt7MNVc9AIu4EfDZlNEwRr%2B3STfYHGn%2FB5b3e45soZX6%2FosVFLHC0Bb%2F2O%2FaUc7oJ0GV8I0vt0%2FsC%2BQlQHs%2F2PHkpmvWjL2qy1nHubhuTmMKB0SVbsVgp2EK8oAV6pWoFnKsTrgsFiYxJI3in1QQzCLreNp8sjPDBjStixjQaGLcMmduX4DYWfbsi2VDGZOY56fKnxnwyNWnTjfZ1FiBdPxTSuvYOb67FAYBAGZEiQcN5Y62iqKHankNOz3xYP6s1rioT7H%2B%2BpXC8rtNryNHyBUXwWVD2ki0TxnNzy2VVOnErBHmpD28wUrQ7TWK0x55t2IwvY0S5P54%2B4rlCOv%2B%2BG7P8zZs54SDuTec41D7M%2B0tKBK9LvSUsvMlIjW9rltJjRPWzSUxRFI6VZ0MdB0CIl3BeKsFF2drF%2B%2BsFv&nvMid=29030496586&catId=50001519
Apple 아이폰 13 미니 128GB [LG U+],"85,890원",https://cr.shopping.naver.com/adcr.nhn?x=JZckc%2FJKEo%2FrB3ulTKnQ1f%2F%2F%2Fw%3D%3DswxldgUN5UHnbLBFi6U8%2F7wbM58ZqRJSzeD3hTFhjLhxWQE1WikGGRjsm7ORTamZ7PqNORXTMWjeGDg83PwdqBRx9qpOR0JyY%2FS%2Fn6QJl9R7F8nPPUCcTPMqCoaJStvICI0PkheNUCu3s%2BWFt5OvvIkPg%2F6PYJW9LpCSumzPJoiiI9aZyW4hhCgmcrsQhWGWGJotMI0cao4vCmnMLYrRgWPKAXVfyDB1yTbVYYpYzcFnUHxlEatbmVq7jmztE%2Fyws3HgCmwN35oIc3WOKGnjmfPziKuqi6lvlwe2gIVAf2UAlXTdy6Sn%2F2yromYu89VyUF%2FTAMU1g9D8UNlWFTbuIhnEOVsDd4cy9Dji1jcMFTMBcNZN5FF46Jqg7fDWNj5CaKOdai8jGSoEHuxDqOfEbY4BD40iqWaNeYMpOus5JTYBDk2nHMP4aHVCx%2FcONoE3ucOT%2BRsdnHIzNMGl8g3WFM%2B8amjoCusIYcsolWg3Wz%2FvyNHyBUXwWVD2ki0TxnNzyojqSQKemqiiivQnxCTLaNAR%2B2bS4Xn26XI1uUk7rROe%2FhgaMkJIhbUi8HFdPXAb3XCysUd%2BhY3JcVu9u4Rt%2B9mO0QScdmj79W4Ike%2ByYeOsNUJgJp6CUXauCvW7Y5AjN&nvMid=29030431586&catId=50000248
Apple 아이폰 13 프로 256GB [LG U+],"831,690원",https://cr.shopping.naver.com/adcr.nhn?x=CnkqW7gZrjGylG3lgkgD6P%2F%2F%2Fw%3D%3Ds0O7FY04URS0g2%2BOTPDKVVd0XqIuRjYHucEOMUdsO7xphJz9H0Ub4KLvuVTVtNMxMlaVUO%2FiDYkbsqnNeb7%2BHpeodsPtvx8IrbCcwQ%2FmS6hMnG8yJEYuyyBUPHFGzRDzmliPn3mtNunNdIMqNa2Gv4ci30QtKP1mA7BYZPpxeJLexWvZfe2todmJfmpbNrXnqiHryMIa0vOlFa0dwxiKn27ix7jXt7MNVc9AIu4EfDZlNEwRr%2B3STfYHGn%2FB5b3e45soZX6%2FosVFLHC0Bb%2F2O%2FaUc7oJ0GV8I0vt0%2FsC%2BQlQHs%2F2PHkpmvWjL2qy1nHub%2B8P%2BizsJ8IitWqdETWUeh48AKlYJmE9z9UdYOrLZ8vT1QQzCLreNp8sjPDBjStixj1OT%2BvUJUOEzwKKBwf%2FstZSC7HJOCYcxNDUxqY7g60dFiBdPxTSuvYOb67FAYBAGpxy2zgNMJa1at1GSrSd0QKFSqyqIpilcAEJCYE7buIKhzDfp6Y5Zq42WobtISlGzjeAT36cSMbm9rziBVBqwu2yGYvUqD8itmdsc3%2B6xmPARpOFzCbaM6OU97uoPifjr4VHCYyllPW45gKA1TNViElBC5bT0Z89jhpDe9bVxq3qCqA6%2BrrPkSkQjk3bFq%2FUy&nvMid=29030415586&catId=50000248
Apple 아이폰 13 미니 256GB [LG U+],"193,000원",https://cr.shopping.naver.com/adcr.nhn?x=YJ08nyAfINpN33ayjk6WdP%2F%2F%2Fw%3D%3DsfLXio3BTV2VwnEAQrzssc43mH0KOD4jhJMiKarmtxBRhJz9H0Ub4KLvuVTVtNMxM4BRQn9E8Qy6LImsoB6Ht%2BuodsPtvx8IrbCcwQ%2FmS6hMnG8yJEYuyyBUPHFGzRDzmliPn3mtNunNdIMqNa2Gv4ci30QtKP1mA7BYZPpxeJLexWvZfe2todmJfmpbNrXnq7r8%2BMjx%2B1KQXJkem2XwtE7ix7jXt7MNVc9AIu4EfDZlNEwRr%2B3STfYHGn%2FB5b3e45soZX6%2FosVFLHC0Bb%2F2O%2FaUc7oJ0GV8I0vt0%2FsC%2BQlQHs%2F2PHkpmvWjL2qy1nHubmCyUNnYJ%2BFQhxol9XtDep1afznRABSpA0pYtcHQey5b1QQzCLreNp8sjPDBjStixj1OT%2BvUJUOEzwKKBwf%2FstW0b85JbkQLIjWdoKvPtuVBFiBdPxTSuvYOb67FAYBAGWR34PGgX21IX5FwB8U%2FAX8U60Oey03I%2BLiZk11SnK%2BihzDfp6Y5Zq42WobtISlGzbDgfm78NqUslrTiGuyy0AXHIAnX4TWAqGhInNSF8ZXYRpOFzCbaM6OU97uoPifjrFXQJmNVZw0bwTSy%2B3wtgCrqOBIseMX%2FbY6z5iEDWzTQdHI8FZtQVGFZJxOyBDKc%2B&nvMid=29030376589&catId=50000248
Apple 아이폰 13 프로 128GB [LG U+],"631,990원",https://cr.shopping.naver.com/adcr.nhn?x=ErSP%2BnnAJ5%2BOSChMxFUDgP%2F%2F%2Fw%3D%3DsSkydu2Nk8NLOsTHdm6J6wLH6wNvK8xjiE%2BQHjO%2Bidj9hJz9H0Ub4KLvuVTVtNMxM6nwjCRlBYjNfHLFoP4Q2ZuodsPtvx8IrbCcwQ%2FmS6hMnG8yJEYuyyBUPHFGzRDzmliPn3mtNunNdIMqNa2Gv4ci30QtKP1mA7BYZPpxeJLexWvZfe2todmJfmpbNrXnqg7gKiQG8MTIItSW%2BDJaVQrix7jXt7MNVc9AIu4EfDZlNEwRr%2B3STfYHGn%2FB5b3e45soZX6%2FosVFLHC0Bb%2F2O%2FaUc7oJ0GV8I0vt0%2FsC%2BQlQHs%2F2PHkpmvWjL2qy1nHubFwBtwqyCWVus4X%2B8Hr0ojMALBF7rWB4iTtvlum4bxOL1QQzCLreNp8sjPDBjStixj1OT%2BvUJUOEzwKKBwf%2FstRGCgKE6MpEqHNFGypiLnddFiBdPxTSuvYOb67FAYBAGpxy2zgNMJa1at1GSrSd0QGXotJztG4P0PD8hxVbZHhKhzDfp6Y5Zq42WobtISlGzWsq%2FCqyNxmUocZ3D5NLEKKoHB50DJX%2BsRvg%2BJD0AbXMRpOFzCbaM6OU97uoPifjrlabfgdPmqkJ44r2zM4MZOkzJvwz%2FsxQ3hp1TWVbQvAuCqA6%2BrrPkSkQjk3bFq%2FUy&nvMid=29030175590&catId=50000248
Apple 아이폰 13 128GB [LG U+],"422,990원",https://cr.shopping.naver.com/adcr.nhn?x=SDvmL79VSZ35o5XCXVvjA%2F%2F%2F%2Fw%3D%3Ds0YgwxSNRyF9fDsjEwy2sgnkvdDhRexm%2Fn07ljT6mdthhJz9H0Ub4KLvuVTVtNMxMrF34UbnC9c5%2BjAUBu3p9a%2BodsPtvx8IrbCcwQ%2FmS6hMnG8yJEYuyyBUPHFGzRDzmliPn3mtNunNdIMqNa2Gv4ci30QtKP1mA7BYZPpxeJLexWvZfe2todmJfmpbNrXnqYKFZZuluUMYgcwBfGEHeObix7jXt7MNVc9AIu4EfDZlNEwRr%2B3STfYHGn%2FB5b3e45soZX6%2FosVFLHC0Bb%2F2O%2FaUc7oJ0GV8I0vt0%2FsC%2BQlQHs%2F2PHkpmvWjL2qy1nHubgoEjVn3FSfWA%2Fq0gJdJo8vVxyUfbSGBfQ9GaPA7lbW31QQzCLreNp8sjPDBjStixj1OT%2BvUJUOEzwKKBwf%2FstQkGHMdvFyZLkC0CpI%2FWUflFiBdPxTSuvYOb67FAYBAGicyoxpgWhb%2FJFrbN3vpwUz5hL%2F4sdg5HboNlguiWgZhBskTaofqwA6IQD8JZOZb73qfc1YJqdrMTl%2F9Y0EPYBQzBaJRof88vNvHdHfl81%2F88ZVFp5CRRjL%2Bql1lgPvFw8qbkqVVI1uO5sJlKwQ2WH1aFndIwdNwuWmKtx1HNSCrUkiyUGZ3FpPHvE7X48%2Bhb&nvMid=29030372586&catId=50000248
Apple 아이폰 13 미니 512GB [LG U+],"478,990원",https://cr.shopping.naver.com/adcr.nhn?x=a90FzsMnKq1G8axRWkHokP%2F%2F%2Fw%3D%3DsXAqNIjzRzuwG91hjzX0iFf%2FnsauLYSRZeMH4E925ByZWQE1WikGGRjsm7ORTamZ7Hk4awV16H1hEPvtgt%2BlMihx9qpOR0JyY%2FS%2Fn6QJl9R7F8nPPUCcTPMqCoaJStvICI0PkheNUCu3s%2BWFt5OvvIkPg%2F6PYJW9LpCSumzPJoiiI9aZyW4hhCgmcrsQhWGWGXCy5AzzvlVMr8iZpAmv1CfKAXVfyDB1yTbVYYpYzcFnUHxlEatbmVq7jmztE%2Fyws3HgCmwN35oIc3WOKGnjmfPziKuqi6lvlwe2gIVAf2UAlXTdy6Sn%2F2yromYu89VyUVfMoZUbrNV2M5hh0icws%2F95CowC3BKQhVN%2BMf3tICZJcNZN5FF46Jqg7fDWNj5Ca4q6P%2F1zldmQpKNpg8dHpqYBD40iqWaNeYMpOus5JTYBDk2nHMP4aHVCx%2FcONoE3ucOT%2BRsdnHIzNMGl8g3WFMwWnVScQ%2FFP%2BU18lL4YI%2F9byNHyBUXwWVD2ki0TxnNzyxAb99Y%2F8jrTJqzsGmPzyVUB0m1nL%2BW%2BU9oSVooWfLpr6C0XXk8ySaOQ0OaLzzIxFg3VBADM6N9xIxDl9XVq%2BpvRRs2Tl2LVXyNQxua0eKL8GruH08DlKshetxY8KUEZb&nvMid=29030419586&catId=50000248
Apple 아이폰 13 프로 맥스 256GB [LG U+],"1,031,190원",https://cr.shopping.naver.com/adcr.nhn?x=xdt18ahkcVAHTQnsBFi8EP%2F%2F%2Fw%3D%3Ds8DYbUoEP3uj9AZq3fbCpw0F5HjqUyomvJUqKuDaMxcBhJz9H0Ub4KLvuVTVtNMxM%2BuIrKmsHM2cdtc0X8hqSG%2BodsPtvx8IrbCcwQ%2FmS6hMnG8yJEYuyyBUPHFGzRDzmliPn3mtNunNdIMqNa2Gv4ci30QtKP1mA7BYZPpxeJLexWvZfe2todmJfmpbNrXnqXLTN90WNo2bfYUnKxvyYpLix7jXt7MNVc9AIu4EfDZlNEwRr%2B3STfYHGn%2FB5b3e45soZX6%2FosVFLHC0Bb%2F2O%2FaUc7oJ0GV8I0vt0%2FsC%2BQlQHs%2F2PHkpmvWjL2qy1nHubhXJIZHEXW11HBjvSLZUjJKicshEJumibAaTUHaVKsQv1QQzCLreNp8sjPDBjStixj1OT%2BvUJUOEzwKKBwf%2FstRji830A6xnpZ52pJU%2F4dRpFiBdPxTSuvYOb67FAYBAGpxy2zgNMJa1at1GSrSd0QNv7Ffkwy78LPGKRuNB%2BDa%2F%2FzaVgfXndF2fkBs0qzZTvfpF8bfclcJjAeddKIqLqoAG%2BNf0%2Bkolbz9odbGN59RlAPG484pzgArV2PMPwNii5m1GQSKGdDYoYf%2Fc9DYayKwpc%2B99CPM%2B2IzYLWoLzV7vke%2FVP%2BgM94BPZkP5YJ%2Bex&nvMid=29030190586&catId=50000248
Apple 아이폰 13 프로 맥스 128GB [LG U+],"898,990원",https://cr.shopping.naver.com/adcr.nhn?x=7bW5%2F3rcZ4XjJcIqUuTLIv%2F%2F%2Fw%3D%3Dsp0634WOHJBruAeLNxv6cPVEFMMhoX4MRZBAd6lHbCyphJz9H0Ub4KLvuVTVtNMxM0rzJjHJCLFcGkEZpN9LRTuodsPtvx8IrbCcwQ%2FmS6hMnG8yJEYuyyBUPHFGzRDzmliPn3mtNunNdIMqNa2Gv4ci30QtKP1mA7BYZPpxeJLexWvZfe2todmJfmpbNrXnqW6RWFOvR2FN0g9uRh450ELix7jXt7MNVc9AIu4EfDZlNEwRr%2B3STfYHGn%2FB5b3e45soZX6%2FosVFLHC0Bb%2F2O%2FaUc7oJ0GV8I0vt0%2FsC%2BQlQHs%2F2PHkpmvWjL2qy1nHubDYuxcXo12ytg%2Fi5g%2BjBzqqdUkSDvAjH3w1apDBDbdUX1QQzCLreNp8sjPDBjStixj1OT%2BvUJUOEzwKKBwf%2FstVH7IO5mz83fSiUkSXQZVytFiBdPxTSuvYOb67FAYBAGpxy2zgNMJa1at1GSrSd0QN4u9dXHHCExaTB3By%2FzhJj%2FzaVgfXndF2fkBs0qzZTvfpF8bfclcJjAeddKIqLqoMJairTo7%2F3aEGi6hFVtr8gUsqiq%2BaRdh19ZzFGBbFc8NRz%2F1p7y%2F7BkKr1T4lvKTQOjprd82WMgdHRHm9UVJ1rHICEQpPL7Rm%2B2fyhjEhHR&nvMid=29030352586&catId=50000248
Apple 아이폰 13 프로 512GB [LG U+],"1,173,190원",https://cr.shopping.naver.com/adcr.nhn?x=GpGne3xRbVVjae3QZnZxef%2F%2F%2Fw%3D%3DsGih%2Fpertmg%2FX%2BVboV6dgoepNCh2OxbJurxYoa3kgXHwbsBKbbjTB%2BBCjsLv6tz%2Bj6P5LQXteQOiYiE8fk%2FxrftvrRUg0uVhobxT20k7566vFEyYAPykz%2BFS726E5Se%2BdR%2BiwWiPeZh%2FZLAVl%2FJWaE0gAn8lD2%2BxrgblrBqYwPdWug%2B9sjA7rHdeMLkY%2BwIMUmRDWhNotjbnuwU%2BcfNUqnjQZD6UDT51Dg8nNb9lI8fV%2BFLPJmN7kd5F0maTGsL0ciboaG8XhlvvL3OVPLP4aeqg%2BxArVq%2FBrPJKx2LY27KIQhkkHXK4%2FmSRy5icYE%2F27BW36r4QZshREfg%2B3vq7RNpXVBak1JklW2NZogeuDIfLUQvs8GHq%2Bj7OvUNvyviyxeoI3z%2BL14z9v%2Fx%2BL9Zw%2FKgVLeMiVXYeZJHMK4Qy1jbEEdLuJh13gFOuABI1Cabywr1zQ3TaGfkdsxOv%2Bp53WSoxqwZBF0bVSsXUQll%2Baosn5YbLlxragaaIQX6kJDBj8D6QkZjCZcMNTR4jeTmX45agZVyzAfqmXaYYj1x4BblGtqaMHAJkj0DAJXiYJNZCZqKiG7CmVWH%2BJffZiakNt%2BTnMkwkRPMsYFIN7KB46BY9oaKZHilHbuauHUigNM5KA&nvMid=29030295586&catId=50000248
Apple 아이폰 13 256GB [LG U+],"542,990원",https://cr.shopping.naver.com/adcr.nhn?x=SxqEZd0cZGwfqDdEqQd0x%2F%2F%2F%2Fw%3D%3DsjiNOqFslZOKujCvxVrPSE8KsDZEzig%2BoVu0MzFQgD2hhJz9H0Ub4KLvuVTVtNMxMAIUPgieb9pdS0YIDLMuVCOodsPtvx8IrbCcwQ%2FmS6hMnG8yJEYuyyBUPHFGzRDzmliPn3mtNunNdIMqNa2Gv4ci30QtKP1mA7BYZPpxeJLexWvZfe2todmJfmpbNrXnqxxsm%2FS7PvYrIy2gc0Hbz67ix7jXt7MNVc9AIu4EfDZlNEwRr%2B3STfYHGn%2FB5b3e45soZX6%2FosVFLHC0Bb%2F2O%2FaUc7oJ0GV8I0vt0%2FsC%2BQlQHs%2F2PHkpmvWjL2qy1nHubLSk2DXQL64n4xitbNWUiFGaQdFmtgX4yebwXoPxQO9D1QQzCLreNp8sjPDBjStixj1OT%2BvUJUOEzwKKBwf%2Fstc3TMKfDPuSjd8cGIdbb5jZFiBdPxTSuvYOb67FAYBAGCXV2B8r6mc9GdpPVxGCf8U8nkK7045HdcbXgl2QuhmRBskTaofqwA6IQD8JZOZb7LjNO7Bk%2FkLZttcK1wT8tNAzBaJRof88vNvHdHfl81%2F9z52ZBBYsPeJpbUlCx6RKW8fF9g19sx7MiDWdypswtjVaFndIwdNwuWmKtx1HNSCrUkiyUGZ3FpPHvE7X48%2Bhb&nvMid=29030189588&catId=50000248
Apple 아이폰 13 512GB [LG U+],"909,990원",https://cr.shopping.naver.com/adcr.nhn?x=tFw75fvIwW7AitNzr2Vd0f%2F%2F%2Fw%3D%3DsN%2BTecqDmsalJlDCTBWxakqwKWEW8rqIbdsbJnqckj8IbsBKbbjTB%2BBCjsLv6tz%2Bj9KmeXxqCHKVw4ucAGhctaUlTldq6VIjcO8tKz%2FbrJULFEyYAPykz%2BFS726E5Se%2BdR%2BiwWiPeZh%2FZLAVl%2FJWaE0gAn8lD2%2BxrgblrBqYwPdWug%2B9sjA7rHdeMLkY%2BwIMULoBLs12Lbdpvne%2Fi0%2BJ%2FgTQZD6UDT51Dg8nNb9lI8fV%2BFLPJmN7kd5F0maTGsL0ciboaG8XhlvvL3OVPLP4aeqg%2BxArVq%2FBrPJKx2LY27KIQhkkHXK4%2FmSRy5icYE%2F27BW36r4QZshREfg%2B3vq7RNrv89JiK%2FVLZfd%2BIWk77hbfUQvs8GHq%2Bj7OvUNvyviyxeoI3z%2BL14z9v%2Fx%2BL9Zw%2FKh5Kuv6bblhK3Y1EVeLIAhkEdLuJh13gFOuABI1Cabywr1zQ3TaGfkdsxOv%2Bp53WSlIW%2BY6dtkO5I2VlccU6I9W7A%2F0vSPti8cHY4o2fastwFnvZOf13%2FHs8QEcH5JFcs9wDK%2Ftkc86TglQx%2FP8pAuK%2FhgaMkJIhbUi8HFdPXAb3wGoaBLG94QUg8An9sElejWO0QScdmj79W4Ike%2ByYeOsNUJgJp6CUXauCvW7Y5AjN&nvMid=29030296586&catId=50000248
Apple 아이폰 13 프로 맥스 512GB [LG U+],"1,305,190원",https://cr.shopping.naver.com/adcr.nhn?x=o3BuRf9O0%2BBkvPje1AYpZP%2F%2F%2Fw%3D%3DsetzRl2FhnBsKebLPaADLLFm9IwPA47E6a5IEZUpBW%2BAbsBKbbjTB%2BBCjsLv6tz%2BjmdrLo1uyav11R%2BLCCZYdCLl97KbVVvfsmHoA29I%2FtOHFEyYAPykz%2BFS726E5Se%2BdR%2BiwWiPeZh%2FZLAVl%2FJWaE0gAn8lD2%2BxrgblrBqYwPdWug%2B9sjA7rHdeMLkY%2BwIMUeLonWMPrGi0RSJvZfvKEXzQZD6UDT51Dg8nNb9lI8fV%2BFLPJmN7kd5F0maTGsL0ciboaG8XhlvvL3OVPLP4aeqg%2BxArVq%2FBrPJKx2LY27KIQhkkHXK4%2FmSRy5icYE%2F27BW36r4QZshREfg%2B3vq7RNsij2ClKepTM0Qq3DOX2ZNzUQvs8GHq%2Bj7OvUNvyviyxeoI3z%2BL14z9v%2Fx%2BL9Zw%2FKl2FIVl8pyY4QZ56Kk3pFgMEdLuJh13gFOuABI1Cabywr1zQ3TaGfkdsxOv%2Bp53WSsJAdVJBQjLvH97jzqUKE8g2jlmQ9NlHBgdsAwMWaovqSZv9Z3vZVGXYiyeb1%2FD5s1J9ITVvpI89BM5YGHtfLIFsapz1VfJYnj1lYGASE3dgj%2FaM5nVf1rOXk0fVU4woW7exsxSYksYVC%2FvlPDD1lUxvU2Y6hEEwGxc1AZfON9sL4VRAH%2BsMDObarUodGweR8Q%3D%3D&nvMid=29030181590&catId=50000248
Apple 아이폰 13 프로 1TB [LG U+],"1,426,190원",https://cr.shopping.naver.com/adcr.nhn?x=4cO0i7Hn5e8XgIvmibFoYv%2F%2F%2Fw%3D%3Dsz80dg%2FHpjn6OvmDOMWYb%2BwhVoHPaSbVTrO0pqawcLhdhJz9H0Ub4KLvuVTVtNMxMJYwYFTd09ylm3rj%2B7aTL4%2BodsPtvx8IrbCcwQ%2FmS6hMnG8yJEYuyyBUPHFGzRDzmliPn3mtNunNdIMqNa2Gv4ci30QtKP1mA7BYZPpxeJLexWvZfe2todmJfmpbNrXnqXjTaYLCBU0RKnrlIKcfhorix7jXt7MNVc9AIu4EfDZlNEwRr%2B3STfYHGn%2FB5b3e45soZX6%2FosVFLHC0Bb%2F2O%2FaUc7oJ0GV8I0vt0%2FsC%2BQlQHs%2F2PHkpmvWjL2qy1nHubTZgWqLVHzpfx4wFyj7hPrgI9BlvVqcCM1xVw6su3GAb1QQzCLreNp8sjPDBjStixj1OT%2BvUJUOEzwKKBwf%2FstffPz4Kzo55hV2wPEerKZpVFiBdPxTSuvYOb67FAYBAGpxy2zgNMJa1at1GSrSd0QKlYg3c5nCsOMxqWVMV1WnajriJ8H0NV5nx9%2BVr0aUV2eMr%2Bdn%2By2exSNYYjO74lE81ZsNWM99Ngjw9IfzMWRGESzxwVRNV%2FYRemZK5z1sCEitvOv%2FE9XppytKc8blRh8NXgmIADqghG4urGOLZs6nQdHI8FZtQVGFZJxOyBDKc%2B&nvMid=29030294586&catId=50000248
Apple 아이폰 13 프로 맥스 1TB [LG U+],"1,580,190원",https://cr.shopping.naver.com/adcr.nhn?x=S72DvgWAjwZHRMWu447Uef%2F%2F%2Fw%3D%3DsSVZyDKKYr8Zd3a%2FuIQdQeaob346F4%2FYiDAkI%2FOjnnhphJz9H0Ub4KLvuVTVtNMxMERSkLPq8ywFVKDRdSPasH%2BodsPtvx8IrbCcwQ%2FmS6hMnG8yJEYuyyBUPHFGzRDzmliPn3mtNunNdIMqNa2Gv4ci30QtKP1mA7BYZPpxeJLexWvZfe2todmJfmpbNrXnqtEOmvpx%2BMqvJh%2Birm3Rmqrix7jXt7MNVc9AIu4EfDZlNEwRr%2B3STfYHGn%2FB5b3e45soZX6%2FosVFLHC0Bb%2F2O%2FaUc7oJ0GV8I0vt0%2FsC%2BQlQHs%2F2PHkpmvWjL2qy1nHubASMOTBUqQd2aLXG4Z0nnfW%2FQRAI%2FxQCSuGk308w57fr1QQzCLreNp8sjPDBjStixj1OT%2BvUJUOEzwKKBwf%2FstS6UFcPZZi3wmo9QS4cZMIRFiBdPxTSuvYOb67FAYBAGpxy2zgNMJa1at1GSrSd0QE%2Fd8fyX9mvA9gmQbAmJrnUHyKwMIinsXLRIwPAEQA4X2UjohpK7sZyY83SOIj%2FwoD6ffde0KVlZmVDCFnk4iSzvW2q1ZBpuV%2F%2FvtKUgTGHnKc6Tspv6VBkhHd0O47SwhHSIp1p%2Bi9OXXnSsm1ooUpLHICEQpPL7Rm%2B2fyhjEhHR&nvMid=29030181587&catId=50000248
APLLE 아이폰13 미니 128GB 미개통 미개봉 새상품,"696,480원",https://cr.shopping.naver.com/adcr.nhn?x=yBZeC%2FF5I%2FGgIfbpOic%2F4P%2F%2F%2Fw%3D%3DsdTuKjOjxfjOKczp2lvChLlOSe9V5jkDHj6u%2FAV4nqOdWQE1WikGGRjsm7ORTamZ76tx2l%2FewIAgV%2BV13bRlkNRx9qpOR0JyY%2FS%2Fn6QJl9R7F8nPPUCcTPMqCoaJStvICyhfmAUBdJT64%2FaIfvx9SU7D9cbDzdvBhYP28y8rhu4mr9N9rARz1GwL8SD%2B61y0rt5oGhDt3TbX1M0SeMU%2BznQYaayJwCJtxrbEfVIcdGWlQ82wiFuM0JfI9feXwa4EeQ%2BD%2Fo9glb0ukJK6bM8miKArsK1DNlYuW6vX8WB7j4SnsLYb2tN6Ybj%2F95tAGAMrVC8a4TZzxm7tmzWzyFhiC%2FmGMkKJgDgkcL2l7%2BAVNd788B5EBc3koH5PNz%2FSCexpDx7nEmIihWOR22Sw%2FYdXh5pWZTahKbR9pNnZiLgOxSdgGPnfJwCKA4EZK4ZMBUZasqu%2FIOXUs5X5CU5po9mU5qYbD0lQ0LOc6bS2L%2FdkB%2BXgaLyKCzeueQElP%2BnTl1H96caidM54GfroITSwCDrFsYi6CIOHlLyf7tFzQx427OB1wAB%2Bx%2FTKuGXMq8LJYKs9wncozZsDnoGHH1uKKbhp6QeR79U%2F6Az3gE9mQ%2Flgn57E%3D&nvMid=29003990842&catId=50001519
Apple 아이폰 13 mini 자급제 256GB 핑크,"1,190,000원",https://cr.shopping.naver.com/adcr.nhn?x=aaHJibKiIJm44SGTpCycaf%2F%2F%2Fw%3D%3DscPWCu6eJAoKOILeZMQ6D4wyGF2LmLNQcX91dlyLv4fthJz9H0Ub4KLvuVTVtNMxMmC3h4C7X1%2FGXy22ucRexd%2BodsPtvx8IrbCcwQ%2FmS6hMnG8yJEYuyyBUPHFGzRDzmliPn3mtNunNdIMqNa2Gv4W3JzeXxkSdTecfUR4%2FvRQjd%2BKwjnmE8nmku4yNhWgwhmfLAARyRl0caaiEG3Q2bq3l3njUb1NGDJ1K332mMmYDQ%2BMQn9cirmRmZVqDKkTcU6dhCzZF%2FrwTKhBCVBv8WWEJ4cDbJjrQ6VqF1O%2BJV%2BN2g9g%2F9Zbd%2FH74nf3SKSxvFgTTtLjp2M2vXpCogesnq%2FquKWQN4b7WstTXVRp4V%2Fd2Kx7G3krbJiQXzryuwwOqJV58eqjzYfaTFHAiPoF29zH2CS1UsnHO7%2Fd%2BSMIfMc4bHvY%2FUzN94OzIr5wG3PfiAHZEE0UDavlLBiK92lXiUK1kvY0ILZLXPiCdKgzaS9XwU0KYvN65q1ZzViC%2BZXQ3UeD4nHsQ78AEvDYHXKjVE%2FxTup4zAQuBYhQf463juUAYHw6pdsvOyv%2BnpGjqBfkOQJB7PSUjslBNLW0Bc%2BNkvH3%2B5NoQgzubbZ7B6z7oKy1NlNzdJFgkoR1MOL3Zb6EWFxd6mGunPScNJw5w%2BrO0JunFN2h%2BR%2BA%2FSHcdHm8bKtmdXc50eBITwugSNPH3Ok09sVpGw61BSdoQRvEGgfFlc5w%3D%3D&nvMid=29064819083&catId=50001519
Apple 아이폰 13 mini 자급제 128GB 핑크,"1,070,000원",https://cr.shopping.naver.com/adcr.nhn?x=sSfTqK6aNdV5VfjPdXDqVP%2F%2F%2Fw%3D%3Ds%2BeEsefOMRS%2B2KtKhbqYUxS2Dsxu14tdPxXuL1nGpA9BhJz9H0Ub4KLvuVTVtNMxMbWQW1OHksIA8CnM4YNZT6%2BodsPtvx8IrbCcwQ%2FmS6hMnG8yJEYuyyBUPHFGzRDzmliPn3mtNunNdIMqNa2Gv4W3JzeXxkSdTecfUR4%2FvRQjd%2BKwjnmE8nmku4yNhWgwhmfLAARyRl0caaiEG3Q2bq3l3njUb1NGDJ1K332mMmYDQ%2BMQn9cirmRmZVqDKkTcUqqe08lTgUbivINHQrFwjt9ci8KTL%2BNmOPw%2BJRE9g%2FOSg9g%2F9Zbd%2FH74nf3SKSxvF11T0ScmwyjgDmOmALZYcRquKWQN4b7WstTXVRp4V%2Fd2Kx7G3krbJiQXzryuwwOqJtLi2Mbu4L3G3eHcoeGDZjv5B6DpueZll5rIIvnAexPfHvY%2FUzN94OzIr5wG3PfiAtWvBS0ylHw6DvVIUpcXzTvdID%2FYpmiCgYGJjpYv2pwwU0KYvN65q1ZzViC%2BZXQ3UeD4nHsQ78AEvDYHXKjVE%2FzBmjh3WTqLtmMIT0y7CH0kHw6pdsvOyv%2BnpGjqBfkOQJB7PSUjslBNLW0Bc%2BNkvH9iClabei5ftLdxbLYJLGmllNzdJFgkoR1MOL3Zb6EWFu4SNuqLsXsdVsL9vWNz5wcTY3JPXgaTt6wX6gmDssktXc50eBITwugSNPH3Ok09sVpGw61BSdoQRvEGgfFlc5w%3D%3D&nvMid=29619937553&catId=50001519
(4/22발송) 아이폰 13 미니 자급제 128GB 스타라이트 MLK13KH/A,"912,285원",https://cr.shopping.naver.com/adcr.nhn?x=grXLu7lkrIgLVE4uXI5J5v%2F%2F%2Fw%3D%3DsphzwA4qxM6YVftrsfyQoQURcEU4ykb%2FWb7cw39A7tJNhJz9H0Ub4KLvuVTVtNMxMxUO%2FJbTjI3uqGTpND25RJOodsPtvx8IrbCcwQ%2FmS6hMnG8yJEYuyyBUPHFGzRDzmGn5JP97op2biAhJR0DSisiTGCD9Vz5n4ms8MDGQoS0OXy0ZyPizqqSo9HPLc4z9cE8d27yUxRlOWWvY53aIRuD%2BE6gO4dvU4xj%2BIzt3pTbyorYoLP33X0ay3h2id35cpW0W7fEggyYTMgSGtXVNQKgTaOucdMUc2LRu31KH14TKvqv6tD%2BnI79JmHkRJG8wOP2tfKoQ0NQPyiad34AQ6K9%2FdVvwtcOUlbNrGLU3RUnp6G%2FWbpZwxfV0NPpkyrNyATl0XKBj0RpZdG26sc8gcU2GMkKJgDgkcL2l7%2BAVNd7%2F1rb3Hj4l60oB78X6aFUmzcj2yhgXSSzW28oLQaNlx8s6FfFURpqbY5NPm10KPEPIBlaUME0acEgfur2h3b9BRh9mTa%2FSLZ%2Bau5mjsr%2FKKzhnxDC3CXeMV8P2z2fTfjc26U1GyaO3HrxFt3%2FcKsKr7CWBnj55yLQrlnKmaMvc9S8eqvNYKIhuNyWzFyDsdG6plNzdJFgkoR1MOL3Zb6EWFjcya0JRS5wQojL86BAWfLmlUg%2BGZHc4s8Sni%2BHoQ%2FlpXc50eBITwugSNPH3Ok09sVpGw61BSdoQRvEGgfFlc5w%3D%3D&nvMid=29063978571&catId=50001519
Apple 아이폰 13 자급제 핑크 256GB,"1,350,000원",https://cr.shopping.naver.com/adcr.nhn?x=z9XV1ljjXpaWLZsNpPIh%2BP%2F%2F%2Fw%3D%3DsEVk1KnVVQIXuZ7AmZCQLKskwvULtnHkLFMFuT29d8HYbsBKbbjTB%2BBCjsLv6tz%2BjRwMfBEPesvoe4%2FI%2BbpfM7tBu4WetI23gcc7Fw7Z3BsfFEyYAPykz%2BFS726E5Se%2BdR%2BiwWiPeZh%2FZLAVl%2FJWaE3ULJJH%2BMKqMyaVu%2BUeO3m60%2B85WmSKK5LY2dJjcChMGEH%2BAaYhDPzU3ewm5W9RQFa8jzAzm6%2BLDNivsMJ3Wnbbv5yNx4PUR%2BICdbLdIC77ES2MCPs1fi1faW2WMmM3%2FFVTGmgp6ZaUNzuSswus0gPuPHPu4F0ZCSRfM5yewe09UJC8rZzjty%2Brt4OvE%2Fp%2F3K61Cqyjs5LbuT1envBA0qxvBz7%2BORHa%2BX777%2F5U82WuFRDpykpOqWZgZqWcBmVwRDcTo71egpKDU39ebnkGPJ1bf5TRm4ebkeqR55xTMCpWjS6nKoqtur6iGShqz9U6FboGWwIpvdBE%2Fu2Ze3Dbf%2B0ycED4m3eDgP3evEaHPdaQEKARYJy8Ro5v0GBu8pg%2FYAtuC7j9zgS7vdo5ILlkvRVP%2F6TfwOU7sHJaLfPOHuRk%2BmXRKmr6cgizXDsdcuiljUbswmFs9GnZYo0kUflm8vHp8CXl251OpmWizflz2KEWcH%2FzWhcnEL2KshTvZuiV6n4BPtvQkQ%2FJ2YWxLvgYXt03HICEQpPL7Rm%2B2fyhjEhHR&nvMid=29064755783&catId=50001519
아이폰 Apple 아이폰13 미니 128GB 기기값 24만원,"246,000원",https://cr.shopping.naver.com/adcr.nhn?x=f7FgmH2hiv6Umzw2jhtZKv%2F%2F%2Fw%3D%3DswgnlCSAlHUjxR2yQe8lBY8uhqLfP6tIJVzFYkvuH7WsbsBKbbjTB%2BBCjsLv6tz%2BjKG9X%2BInWrPJjixGwqkjBAWzuzMttwAvG1qdThoMPbyrFEyYAPykz%2BFS726E5Se%2BdRB29Fn31LkTiwlOvdgztfMm3HByBnqyoQudlQvAroBzp33dwRCAzI0IZ9nyD5tkE9Z0ohABIGWTnPESfCqaNS%2FSq49JWRr8vDa7BL3aEQor3gW9Rxgd9jq1Jg4bR2WYvueCfFDuywxl3T1PQ6PKMjF5qtMG%2FJ0PUtQjclakIAMhLltJEeQEg4%2B0Pa3KlkNQBM6xoFcRjtZCbTUYAv5Y%2Fb2xeDmVS9kP3MLsWL1Ykk4etaEuQ1VGwfmraWe3hizAsIcE7ONtcdOnPfQltEK2Z8yJJHMPgB5qMplEpnNsC%2BQy0Mjn0ifG5KjLSKu2T76D9RlmTOUNx7vDRXX%2FyXsy%2FZNVcgNkh0iavfuHOjgYvjCWlpvIpJoUR2r%2FcleMLFLrHClwTso96VPlQH%2BFThTSbEsvTtug4vCjEvohqOyQz59kp6HAq6iYD5yrQkKFxUqtGQQI9JJInXrXyc20bKsGo72hopkeKUdu5q4dSKA0zkoA%3D&nvMid=29860284145&catId=50001519
아이폰 13 프로 자급제 256GB 시에라 블루 MLVP3KH/A,"1,415,500원",https://cr.shopping.naver.com/adcr.nhn?x=QUKC5I4cCEI9VLoSqz9b6f%2F%2F%2Fw%3D%3DsfiCXcLEqlzwp8QD1wItd4xQx14VEFdvQsEh4eoJhNalhJz9H0Ub4KLvuVTVtNMxMFTGeraCJZctN571fAiTzl%2BodsPtvx8IrbCcwQ%2FmS6hMnG8yJEYuyyBUPHFGzRDzmGn5JP97op2biAhJR0DSisuOmWAc4mSnKWcXf9cA8e%2F9a1%2BcsP1qOUacbPJ7D0%2Fi%2FswSyzjGOJrRlupD7Am12Z8hJEXmb2Q%2F4zOQKD9OzKvO8bhT1NN2YMQKOmB0ubhMWBV7e2IVwQcc6G0qXRZDNBdQ1c6B2iTV3vUmOykJX4A4jDAC92sKrhHPoNS4maYBQqwkXVMbwNe%2B45dFaHZqJITVCZ4rdk8hPModxsSdH4jxnceRgcc31KTT%2Bl3J7GvsK6PBrpVEhszBUBHyLsxcHySvfCmiGWuFQRNFecKmBkk7ehzNivH23GTZiuh43xfI%2BjB5%2BwQwTWqlzZqCmwHkzLypRtB%2BeiehoUQKAlSMqPxkkT2hfG%2BUhZL3J5hdDZJ8dIaeSI6livRoJ3tTqrulebMJHWAihnwtHcOziobI9WeEL6nrfebnckJCqgqS%2F1UnIBqVOP2t9eiKZjLXQHczOdH5LEJ46NJAJ0MmuBFrM0BR8FZ7Dsr42BPOh%2BTnG5qZT6BZGNV37Z5O4uQtF4TcDOuuk6JjOeo2kiXYetO5SaGCCqA6%2BrrPkSkQjk3bFq%2FUy&nvMid=29727542835&catId=50001519
아이폰 13 pro max 256G 자급제 미개통 새상품,"1,379,000원",https://cr.shopping.naver.com/adcr.nhn?x=qyrPwaPw98F%2FTbnQkew1g%2F%2F%2F%2Fw%3D%3DsASwWA5gqzKw8IBVWojlymXRHXWdbQr2%2FkLELqXHdp6VhJz9H0Ub4KLvuVTVtNMxMUbXRZNlkhFOs61lfnO0Oc%2BodsPtvx8IrbCcwQ%2FmS6hMnG8yJEYuyyBUPHFGzRDzmGn5JP97op2biAhJR0DSisu0JZ4vKXq2xVuFay0gNbwiO%2FsdgQE5FIA0Tw1QMogpFqhf3T1Pq2kU0YzGADA1kYiJvwkxKtk2z%2Bj6IStYJHpo%2BjbBIar4gR0HXYCDIEy1hqwkXVMbwNe%2B45dFaHZqJITVCZ4rdk8hPModxsSdH4jyqT3qwHiqs%2FO1q2DisDkJOmYH8yI8DJ1cvNcUeX%2FCcoCvfCmiGWuFQRNFecKmBkk6aZw2XBb1afzDCFMGjGmOejB5%2BwQwTWqlzZqCmwHkzL8GECnVO%2BQfskmkZtzrI6e647XF5PGf2u3xL8YaAbF5d20ekqy3gfajOXmb0Pk3nOjulBXMG7WVUNNGPsx5675dHNoRBvQOPAtRH0gNhcJVj8aQrrqaUTw4PVEEWRm6tKHwJeXbnU6mZaLN%2BXPYoRZx338vjIRRvxmMJwXSHygcIGVn5ZoTnBx3%2F%2BZePVIHCp8cgIRCk8vtGb7Z%2FKGMSEdE%3D&nvMid=30313541941&catId=50001519
아이폰 13 미니 자급제 256GB 핑크 MLK73KH/A,"1,046,727원",https://cr.shopping.naver.com/adcr.nhn?x=Z74D3fceTRQRfPsIEqwj5f%2F%2F%2Fw%3D%3DsFZnWd4%2F1eBu1yZBVz%2ByZ%2FAHNv%2FOkgD%2FWZmv3EnLnsOVWQE1WikGGRjsm7ORTamZ7P4tdPogbfAFor8ZycEj5XBx9qpOR0JyY%2FS%2Fn6QJl9R7F8nPPUCcTPMqCoaJStvICyhfmAUBdJT64%2FaIfvx9SUz4X%2FMOBzrhC5G4mTiyCCYa8b2GJXKCmb6euH6loXMaalSX50JcAOVNDsRnvMlPpgIYZinJnrZA5ah0dI%2Fv0MOxCz4%2F64xZ3yyKA7bm0PxSkRS8PGR7BXWLuitV8QARI1pOTGx3vvICtZ8jR796BzObb5wNYFhvipib%2F81Av42sTa%2BpHa6ewb0%2FDpcGez9%2B2Mmaf7oVVn%2BbTDsruUdhAA7sh%2F%2F7JswCfvzTGL5bIn6%2BklSlN7SOy8ql2orLF1qMBbkupyqKrbq%2Bohkoas%2FVOhW46VfhiqT68ThMGYbV%2BeL2XeTxswSpjtmly9xBJ22QymAGVpQwTRpwSB%2B6vaHdv0FH6P%2F2DYxomnw72AGNuJRvomVWypv1Sz0PYA2QecEqlngvqet95udyQkKqCpL%2FVSchw3xKL6AtSMGyGiFjLLb4CqeBMt%2FOVAzsmdnUErPvS5lC%2Fy3CwuPXjfAwFhsPnCEXvbUkaPIs1VcAfKcqyDQ9wisFZtBI4%2FUslUaBr1L0aRIKoDr6us%2BRKRCOTdsWr9TI%3D&nvMid=29883425290&catId=50001519
해외아이폰 13 Pro ProMax 미국직구 정품 무음 카메라 관부가세 포함,"1,500,000원",https://cr.shopping.naver.com/adcr.nhn?x=iGgn3j4LiO5of6OlpUxAjf%2F%2F%2Fw%3D%3Ds5u9pJ5h%2FD1pRYcZsdcIhneXn6ghrvlKBXsROcR%2F8MuVhJz9H0Ub4KLvuVTVtNMxMzNZ8c0wSMKXtXvMp1bIGYeodsPtvx8IrbCcwQ%2FmS6hMnG8yJEYuyyBUPHFGzRDzmliPn3mtNunNdIMqNa2Gv4TaSZny%2B1MgSfJG5ocTRQNj1rIvubP2%2F%2BNF2sTRY2hEVeYhAco%2B95%2BQxpQbOfN9ZSJb5%2FXgo76Zxq3gwBSvlvSvDpmNu2Rs3tEPrV0ZTODsbWqyaFa2xLbpwGCJChqMDqvjrQxlFcN2QQNC%2BkJcgaiR3qpCFhQPfw1oGPl2qCdXyDG4evy%2BM13j64UYOnhTyGRquYXgFFqDlX8sGKltbU9t6K503jBTFiO%2BslOwbxo4OI4d%2BgwAqQly%2B5UHS5qQbHLyHxLAVwR%2F9t74CHb8z1VX0hvTVcKMhwnXct5dGhQKCHLfzMSnv8HYorSv1ZTXtAY9%2BipVKASRubGtExIR6g%2Bw%2FHCSgH5t4R0YRGrkHsv7xWUa4qtIe8bOfXdD8FXwBxhhy59raWfLfTSqo7DFEHcK40khxWCPb6No%2B97ZmwwhuoEqGxQKColwRGL2p5wqpda73Y60p6pIoU3d6ywhZJl9WhZ3SMHTcLlpircdRzUgq1JIslBmdxaTx7xO1%2BPPoWw%3D%3D&nvMid=83251553577&catId=50001519
아이폰13 미니 128GB 미개봉 새상품,"724,710원",https://cr.shopping.naver.com/adcr.nhn?x=QlNRQcQ%2BhOneD0V8nh%2B2U%2F%2F%2F%2Fw%3D%3DsXassSGo%2FjqxB%2FIqeyYSz%2FUVV7BXm04HPjjuSK5SDbcphJz9H0Ub4KLvuVTVtNMxMKpq7m0sdg9vW80s7XqTUkuodsPtvx8IrbCcwQ%2FmS6hMnG8yJEYuyyBUPHFGzRDzmliPn3mtNunNdIMqNa2Gv4bDXn0IDLBCgN%2FK3%2BGwmqM%2BpFjjh%2FGPU%2BK9K7OXF%2BaHk0eX6N0xSuoVW6n8HgFyAb3DGPuL7c%2FLWOJOtwz%2FJK0hPUwNT9XAq3TxGmj6LuoA7Zp98X%2FdU5oFu8fYdY8M1TKsJF1TG8DXvuOXRWh2aiSE1QmeK3ZPITzKHcbEnR%2BI8u4cS4iKTp8t0GUbAoVtNu2rgcv3gvCWLrPrgB%2B4EBy%2Fqdi3Q%2Fm8V2A5jR123nAwZyy1K21Gx0OgGhZUjA6RYeG63HpiePUlUiVkHUD0Mt56ho47QpZKEqsDtmGLZgweJnNiiPeyWZLu8DV5ARFFDZvwD9FqBCNnMrMJATV%2FJyhZdnvoolkKVNouiKxvFitIQEBJRg1SKmnHdSk1pFQ9egJG%2FssiybuFD%2B4chjaq0sGGoLk6soRvn3LI5bu4O54T3YwHiZDpjdR%2FFMGgkdNSWLZ0CGmWuwnBHLzsnBcCtDJFB0CIl3BeKsFF2drF%2B%2BsFv&nvMid=30717422258&catId=50001519
아이폰 13 자급제 256GB 핑크 MLQ83KH/A,"1,181,169원",https://cr.shopping.naver.com/adcr.nhn?x=uMJ%2FMqOySJLXa74NoKsYJv%2F%2F%2Fw%3D%3DsxfsUKBmun5gYSw8Qz8ty7y5EJG430%2B6V9OnqtbcNq%2FFhJz9H0Ub4KLvuVTVtNMxM4yxNwM01qRgbdwAYan4VxeodsPtvx8IrbCcwQ%2FmS6hMnG8yJEYuyyBUPHFGzRDzmGn5JP97op2biAhJR0DSisiTGCD9Vz5n4ms8MDGQoS0OXy0ZyPizqqSo9HPLc4z9c6OkSeV%2FTIcSK8U%2FaemDanJyYVKLk%2FpmIlQxviI0xo0aorYoLP33X0ay3h2id35cpW0W7fEggyYTMgSGtXVNQKgTaOucdMUc2LRu31KH14TKvqv6tD%2BnI79JmHkRJG8wOP2tfKoQ0NQPyiad34AQ6K9%2FdVvwtcOUlbNrGLU3RUnr%2FrGILuHvFPWJAPpTS0T4TTl0XKBj0RpZdG26sc8gcU2GMkKJgDgkcL2l7%2BAVNd7%2BqixeF07I4kW50oVtyRhCNXl7PCYSq9cP300KINpRopDbD5QTVvpBShlXARjKkmvaARKtzFvDJUTq7poEyxv6N9WIhAA1sOPBOWlcwHW3%2F4kYMZFI0JaB190mKfLAK%2BWuxelH8RjRDuopSlwFeT584BmuhVkh0lHlbnYwMiAAbv3tvbSwODI05%2Behrl2vrONNGofMjS7JszHdrPlO2OOvr11SkXvPxCFL9O%2FobcETkVA1QmAmnoJRdq4K9btjkCM0%3D&nvMid=29609826055&catId=50001519
